playerId,periodType,period,date,teamId,opponentId,timeOnIce,assists,goals,pim,shots,games,hits,powerPlayGoals,powerPlayPoints,powerPlayTimeOnIce,evenTimeOnIce,penaltyMinutes,faceOffPct,gameWinningGoals,overTimeGoals,shortHandedGoals,shortHandedPoints,shortHandedTimeOnIce,blocked,plusMinus,points,shifts,ot,shutouts,ties,wins,losses,saves,powerPlaySaves,shortHandedSaves,evenSaves,shortHandedShots,evenShots,powerPlayShots,decision,savePercentage,gamesStarted,shotsAgainst,goalsAgainst,powerPlaySavePercentage,evenStrengthSavePercentage,win
8476525,singleSeason,20202021,,,,864.0,8,4,27,64,48,91,1,4,46.72,777.42,27,0.0,0,0,0,0,39.87,51,-20,12,1022,,,,,,,,,,,,,,,,,,,,
8477931,singleSeason,20202021,,,,494.03,10,8,10,59,38,51,0,1,2.35,440.62,10,51.68,2,0,0,0,51.07,18,7,18,671,,,,,,,,,,,,,,,,,,,,
8474090,singleSeason,20202021,,,,788.83,5,5,73,58,48,84,0,0,8.42,720.62,73,0.0,0,0,0,0,59.8,41,3,10,1045,,,,,,,,,,,,,,,,,,,,
8475287,singleSeason,20202021,,,,816.15,12,9,14,85,51,63,1,3,75.78,638.7,14,55.1,2,1,2,2,101.67,23,4,21,1055,,,,,,,,,,,,,,,,,,,,
8475726,singleSeason,20202021,,,,911.23,16,28,24,158,52,75,7,10,125.33,745.08,24,38.88,5,0,2,3,40.82,12,0,44,1181,,,,,,,,,,,,,,,,,,,,
8476292,singleSeason,20202021,,,,960.05,31,15,26,111,55,82,7,20,176.83,781.0,26,0.0,6,0,0,0,2.22,43,1,46,1137,,,,,,,,,,,,,,,,,,,,
8476462,singleSeason,20202021,,,,1249.72,32,10,35,180,55,52,2,18,167.87,1003.15,35,0.0,2,1,1,1,78.7,64,20,42,1429,,,,,,,,,,,,,,,,,,,,
8476919,singleSeason,20202021,,,,824.45,13,6,8,53,55,23,0,0,7.25,706.53,8,45.59,3,0,0,1,110.67,32,-12,19,1145,,,,,,,,,,,,,,,,,,,,
8477508,singleSeason,20202021,,,,666.18,6,7,6,55,50,99,0,0,3.97,559.02,6,47.76,1,0,0,0,103.2,22,-6,13,920,,,,,,,,,,,,,,,,,,,,
8477970,singleSeason,20202021,,,,2115.48,,,,,37,,,,,,,,,,,,,,,,,4,2,,21,10,936,104,21,811,25,886,120,,0.908,36,1031,95,86.66666666666667,91.53498871331828,
8478399,singleSeason,20202021,,,,234.25,0,0,4,7,15,20,0,0,0.48,202.4,4,0.0,0,0,0,0,31.37,17,-9,0,292,,,,,,,,,,,,,,,,,,,,
8478414,singleSeason,20202021,,,,867.1,19,12,22,155,54,75,2,10,93.12,766.33,22,28.57,0,0,0,0,7.65,24,-5,31,1098,,,,,,,,,,,,,,,,,,,,
8478507,singleSeason,20202021,,,,1078.15,10,3,8,56,52,48,1,4,73.08,907.72,8,0.0,1,0,0,1,97.35,50,5,13,1324,,,,,,,,,,,,,,,,,,,,
8479407,singleSeason,20202021,,,,739.5,23,7,8,101,46,31,2,8,109.85,610.67,8,33.33,1,1,0,1,18.98,18,4,30,1019,,,,,,,,,,,,,,,,,,,,
8479414,singleSeason,20202021,,,,517.45,7,3,21,46,41,136,0,0,5.87,460.53,21,36.36,0,0,0,0,51.05,25,0,10,795,,,,,,,,,,,,,,,,,,,,
8479415,singleSeason,20202021,,,,718.28,6,9,42,60,52,89,0,0,6.27,630.87,42,51.5,2,0,0,0,81.15,20,-12,15,1060,,,,,,,,,,,,,,,,,,,,
8479984,singleSeason,20202021,,,,451.12,2,1,29,40,35,39,0,0,0.98,433.7,29,0.0,0,0,0,0,16.43,29,9,3,595,,,,,,,,,,,,,,,,,,,,
8480002,singleSeason,20202021,,,,388.87,5,6,4,44,21,11,3,4,61.65,293.77,4,56.23,0,0,1,1,33.45,20,-9,11,516,,,,,,,,,,,,,,,,,,,,
8480860,singleSeason,20202021,,,,118.42,2,0,0,5,7,18,0,0,0.25,110.8,0,0.0,0,0,0,0,7.37,6,0,2,154,,,,,,,,,,,,,,,,,,,,
8481559,singleSeason,20202021,,,,1067.53,20,11,16,142,56,15,1,7,165.68,899.13,16,35.35,1,0,0,0,2.72,15,-3,31,1265,,,,,,,,,,,,,,,,,,,,
8473504,singleSeason,20202021,,,,671.82,7,4,10,50,50,191,0,0,3.75,578.8,10,0.0,1,0,1,1,89.27,23,-5,11,975,,,,,,,,,,,,,,,,,,,,
8473575,singleSeason,20202021,,,,2116.93,,,,,36,,,,,,,,,,,,,,,,,4,7,,19,11,948,111,19,818,19,875,126,,0.929,35,1020,72,88.09523809523809,93.48571428571428,
8474709,singleSeason,20202021,,,,597.73,5,6,36,68,54,181,1,2,25.12,571.15,36,25.0,0,0,0,0,1.47,23,-2,11,835,,,,,,,,,,,,,,,,,,,,
8475151,singleSeason,20202021,,,,845.25,11,10,20,115,51,62,2,6,114.92,703.52,20,40.0,2,0,1,1,26.82,12,-5,21,1141,,,,,,,,,,,,,,,,,,,,
8475231,singleSeason,20202021,,,,774.73,7,7,27,72,56,112,0,0,5.05,673.45,27,53.2,3,0,0,0,96.23,25,-2,14,1116,,,,,,,,,,,,,,,,,,,,
8475314,singleSeason,20202021,,,,473.2,7,12,12,80,27,39,3,4,65.13,406.65,12,49.21,3,0,0,0,1.42,13,11,19,574,,,,,,,,,,,,,,,,,,,,
8475754,singleSeason,20202021,,,,998.58,15,18,14,121,56,36,7,9,118.68,823.55,14,49.36,4,0,0,0,56.35,26,-5,33,1263,,,,,,,,,,,,,,,,,,,,
8476419,singleSeason,20202021,,,,906.67,14,14,10,81,54,111,5,8,96.58,735.72,10,56.66,3,0,2,2,74.37,58,10,28,1267,,,,,,,,,,,,,,,,,,,,
8476429,singleSeason,20202021,,,,1090.82,13,2,38,79,56,76,0,0,3.87,958.33,38,0.0,0,0,0,0,128.62,108,2,15,1335,,,,,,,,,,,,,,,,,,,,
8476917,singleSeason,20202021,,,,1178.6,10,4,18,82,56,66,0,0,6.57,1046.97,18,0.0,0,0,1,2,125.07,73,15,14,1449,,,,,,,,,,,,,,,,,,,,
8477392,singleSeason,20202021,,,,47.32,0,0,0,7,5,6,0,0,0.0,46.63,0,0.0,0,0,0,0,0.68,1,-3,0,68,,,,,,,,,,,,,,,,,,,,
8477500,singleSeason,20202021,,,,1113.82,20,19,23,131,56,64,7,11,193.52,893.0,23,52.89,3,1,1,1,27.3,38,-6,39,1424,,,,,,,,,,,,,,,,,,,,
8477506,singleSeason,20202021,,,,1256.67,15,2,8,121,56,97,0,1,107.25,1063.23,8,0.0,1,1,0,0,86.18,106,15,17,1477,,,,,,,,,,,,,,,,,,,,
8478009,singleSeason,20202021,,,,1271.78,,,,,22,,,,,,,,,,,,,,,,,3,3,,13,6,517,52,16,449,16,489,58,,0.918,21,563,46,89.65517241379311,91.8200408997955,
8478115,singleSeason,20202021,,,,501.03,5,7,16,61,42,43,0,0,3.7,474.5,16,43.03,1,0,0,0,22.83,12,2,12,696,,,,,,,,,,,,,,,,,,,,
8478445,singleSeason,20202021,,,,1029.78,28,17,48,134,55,22,1,8,137.6,890.65,48,43.42,1,0,0,0,1.53,13,15,45,1140,,,,,,,,,,,,,,,,,,,,
8479328,singleSeason,20202021,,,,289.28,6,2,14,38,30,56,0,0,7.25,281.98,14,50.0,0,0,0,0,0.05,9,-6,8,440,,,,,,,,,,,,,,,,,,,,
8480222,singleSeason,20202021,,,,40.05,1,1,2,4,3,1,0,0,0.23,39.82,2,0.0,0,0,0,0,0.0,2,-1,2,59,,,,,,,,,,,,,,,,,,,,
8480789,singleSeason,20202021,,,,544.98,9,12,21,94,44,57,4,10,76.42,467.85,21,41.66,1,0,0,0,0.72,14,2,21,730,,,,,,,,,,,,,,,,,,,,
8480865,singleSeason,20202021,,,,754.12,11,3,8,69,46,40,0,5,85.18,666.02,8,0.0,0,0,0,0,2.92,59,1,14,954,,,,,,,,,,,,,,,,,,,,
8481014,singleSeason,20202021,,,,931.83,5,1,21,71,54,138,0,1,40.13,845.82,21,0.0,0,0,0,0,45.88,60,1,6,1075,,,,,,,,,,,,,,,,,,,,
8479323,singleSeason,20202021,,,,1358.85,42,5,14,102,55,23,2,23,205.92,1009.8,14,0.0,1,0,1,2,143.13,102,19,47,1560,,,,,,,,,,,,,,,,,,,,
8480078,singleSeason,20202021,,,,555.45,14,8,10,76,42,15,0,0,26.83,527.78,10,42.76,0,0,0,0,0.83,19,9,22,746,,,,,,,,,,,,,,,,,,,,
8471218,singleSeason,20202021,,,,917.03,31,15,50,113,50,63,4,15,146.25,766.93,50,37.5,2,0,0,0,3.85,30,-17,46,1106,,,,,,,,,,,,,,,,,,,,
8471734,singleSeason,20202021,,,,1218.82,,,,,22,,,,,,,,,,,,,,,,,2,2,,11,9,508,72,26,410,26,461,79,,0.898,22,566,58,91.13924050632912,88.93709327548807,
8474009,singleSeason,20202021,,,,817.07,16,10,26,66,55,11,3,5,104.88,609.25,26,52.82,2,0,0,0,102.93,50,0,26,1031,,,,,,,,,,,,,,,,,,,,
8475184,singleSeason,20202021,,,,869.87,10,20,34,102,50,115,11,14,179.48,664.95,34,40.0,4,0,0,0,25.43,35,-1,30,1109,,,,,,,,,,,,,,,,,,,,
8475752,singleSeason,20202021,,,,621.82,5,6,16,56,38,81,0,1,73.38,468.38,16,40.0,0,0,1,1,80.05,41,-1,11,875,,,,,,,,,,,,,,,,,,,,
8475839,singleSeason,20202021,,,,57.7,,,,,1,,,,,,,,,,,,,,,,,0,0,,0,1,20,0,0,20,0,23,0,,0.87,1,23,3,,86.95652173913044,
8476389,singleSeason,20202021,,,,856.62,26,17,20,123,47,107,7,18,138.12,669.93,20,56.04,2,0,0,0,48.57,28,-3,43,1041,,,,,,,,,,,,,,,,,,,,
8476459,singleSeason,20202021,,,,1125.62,26,24,18,171,56,75,10,14,206.95,786.22,18,46.32,7,1,2,4,132.45,44,2,50,1381,,,,,,,,,,,,,,,,,,,,
8476624,singleSeason,20202021,,,,831.63,14,6,52,72,55,111,0,0,2.62,695.53,52,50.0,1,0,0,0,133.48,27,16,20,1130,,,,,,,,,,,,,,,,,,,,
8476885,singleSeason,20202021,,,,816.67,10,2,22,70,38,111,0,1,59.28,672.2,22,0.0,1,0,0,0,85.18,84,3,12,1034,,,,,,,,,,,,,,,,,,,,
8476918,singleSeason,20202021,,,,635.42,5,5,10,58,50,38,0,0,21.8,556.58,10,25.0,1,0,0,1,57.03,19,-14,10,874,,,,,,,,,,,,,,,,,,,,
8476979,singleSeason,20202021,,,,484.67,11,1,0,33,29,21,0,5,68.28,415.98,0,0.0,0,0,0,0,0.4,21,-1,12,626,,,,,,,,,,,,,,,,,,,,
8477380,singleSeason,20202021,,,,56.67,0,1,4,7,5,4,0,0,1.57,55.1,4,0.0,0,0,0,0,0.0,2,0,1,91,,,,,,,,,,,,,,,,,,,,
8478048,singleSeason,20202021,,,,1899.02,,,,,35,,,,,,,,,,,,,,,,,3,2,,16,14,904,120,24,760,24,821,142,,0.916,31,987,83,84.50704225352112,92.5700365408039,
8478550,singleSeason,20202021,,,,825.0,41,17,6,106,42,13,5,18,167.92,656.43,6,0.0,1,0,0,0,0.65,7,14,58,890,,,,,,,,,,,,,,,,,,,,
8479324,singleSeason,20202021,,,,1019.73,15,1,35,65,51,98,0,0,5.1,886.8,35,0.0,0,0,0,1,127.83,50,20,16,1386,,,,,,,,,,,,,,,,,,,,
8480817,singleSeason,20202021,,,,1118.82,7,5,20,62,53,93,0,1,53.88,976.47,20,0.0,1,0,0,1,88.47,77,9,12,1398,,,,,,,,,,,,,,,,,,,,
8481554,singleSeason,20202021,,,,688.68,8,9,10,81,48,14,2,3,63.38,625.3,10,42.85,0,0,0,0,0.0,16,3,17,896,,,,,,,,,,,,,,,,,,,,
8481708,singleSeason,20202021,,,,149.83,4,0,2,12,10,8,0,1,8.03,140.17,2,0.0,0,0,0,0,1.63,8,-2,4,202,,,,,,,,,,,,,,,,,,,,
8482067,singleSeason,20202021,,,,84.97,2,1,20,4,6,8,0,0,2.4,74.37,20,0.0,0,0,0,0,8.2,0,3,3,125,,,,,,,,,,,,,,,,,,,,
8482109,singleSeason,20202021,,,,777.42,9,12,8,67,56,43,0,0,71.62,705.43,8,41.93,4,1,0,0,0.37,11,-7,21,1020,,,,,,,,,,,,,,,,,,,,
8471686,singleSeason,20202021,,,,1030.93,7,3,20,53,56,58,0,0,5.1,910.78,20,0.0,0,0,0,0,115.05,45,-5,10,1318,,,,,,,,,,,,,,,,,,,,
8475176,singleSeason,20202021,,,,831.85,13,5,10,75,35,21,2,4,75.9,667.47,10,0.0,0,0,0,0,88.48,63,1,18,974,,,,,,,,,,,,,,,,,,,,
8477499,singleSeason,20202021,,,,1092.0,14,4,36,73,49,193,1,7,89.07,892.23,36,0.0,0,0,0,0,110.7,68,-18,18,1194,,,,,,,,,,,,,,,,,,,,
8474715,singleSeason,20202021,,,,1060.3,19,15,4,158,56,22,1,9,121.43,840.5,4,23.33,2,0,4,4,98.37,30,-16,34,1322,,,,,,,,,,,,,,,,,,,,
8475235,singleSeason,20202021,,,,554.57,5,5,53,65,49,136,0,0,1.63,545.48,53,25.0,2,0,0,0,7.45,20,-7,10,782,,,,,,,,,,,,,,,,,,,,
8476461,singleSeason,20202021,,,,869.77,23,18,8,120,45,34,3,10,117.68,660.52,8,56.93,4,0,0,0,91.57,22,-4,41,1161,,,,,,,,,,,,,,,,,,,,
8476872,singleSeason,20202021,,,,817.28,11,9,39,89,53,141,0,0,6.35,711.07,39,48.95,1,1,1,1,99.87,34,13,20,1166,,,,,,,,,,,,,,,,,,,,
8477361,singleSeason,20202021,,,,2015.85,,,,,35,,,,,,,,,,,,,,,,,5,0,,9,18,998,154,34,810,37,885,173,,0.911,32,1095,97,89.01734104046243,91.52542372881356,
8477903,singleSeason,20202021,,,,689.92,12,6,66,62,56,179,0,0,1.93,614.55,66,41.66,0,0,0,1,73.43,30,7,18,996,,,,,,,,,,,,,,,,,,,,
8477948,singleSeason,20202021,,,,1203.75,12,3,23,100,55,48,0,0,30.37,1057.0,23,0.0,1,1,0,0,116.38,73,-22,15,1596,,,,,,,,,,,,,,,,,,,,
8478011,singleSeason,20202021,,,,13.97,0,0,0,2,1,3,0,0,0.02,11.82,0,0.0,0,0,0,0,2.13,1,-1,0,18,,,,,,,,,,,,,,,,,,,,
8478439,singleSeason,20202021,,,,794.8,23,11,26,100,50,55,4,11,114.0,679.8,26,33.33,1,0,0,0,1.0,16,-5,34,1096,,,,,,,,,,,,,,,,,,,,
8479394,singleSeason,20202021,,,,1456.32,,,,,27,,,,,,,,,,,,,,,,,5,1,,9,11,632,83,22,527,24,591,106,,0.877,25,721,89,78.30188679245283,89.17089678510999,
8480015,singleSeason,20202021,,,,516.65,11,7,6,86,45,59,2,3,35.13,481.43,6,66.66,2,0,0,0,0.08,5,-5,18,683,,,,,,,,,,,,,,,,,,,,
8480028,singleSeason,20202021,,,,20.47,0,0,0,0,2,0,0,0,1.57,18.9,0,50.0,0,0,0,0,0.0,0,0,0,31,,,,,,,,,,,,,,,,,,,,
8480336,singleSeason,20202021,,,,853.9,13,5,18,92,47,43,0,1,72.93,719.6,18,0.0,0,0,0,0,61.37,72,-13,18,1044,,,,,,,,,,,,,,,,,,,,
8480797,singleSeason,20202021,,,,881.0,18,20,28,122,55,48,3,7,109.92,689.5,28,40.0,1,0,0,0,81.58,21,0,38,1233,,,,,,,,,,,,,,,,,,,,
8481178,singleSeason,20202021,,,,34.13,0,0,0,5,2,1,0,0,0.32,33.82,0,0.0,0,0,0,0,0.0,1,1,0,46,,,,,,,,,,,,,,,,,,,,
8481546,singleSeason,20202021,,,,59.35,0,0,0,1,3,1,0,0,7.12,52.23,0,0.0,0,0,0,0,0.0,2,-1,0,76,,,,,,,,,,,,,,,,,,,,
8477968,singleSeason,20202021,,,,1392.03,,,,,23,,,,,,,,,,,,,,,,,3,3,,15,5,604,68,18,518,20,552,76,,0.932,23,648,44,89.47368421052632,93.84057971014492,
8470604,singleSeason,20202021,,,,894.52,13,17,22,154,54,41,2,5,110.45,724.42,22,48.72,1,0,0,0,59.65,30,3,30,1218,,,,,,,,,,,,,,,,,,,,
8471215,singleSeason,20202021,,,,585.45,20,8,24,72,33,18,4,9,104.85,478.87,24,42.45,0,0,0,0,1.73,12,-4,28,742,,,,,,,,,,,,,,,,,,,,
8471675,singleSeason,20202021,,,,1121.9,38,24,26,159,55,44,5,22,166.57,946.97,26,53.56,5,2,1,1,8.37,28,8,62,1392,,,,,,,,,,,,,,,,,,,,
8471724,singleSeason,20202021,,,,1355.67,38,7,32,132,55,92,1,15,169.25,1099.78,32,0.0,2,1,0,1,86.63,65,19,45,1487,,,,,,,,,,,,,,,,,,,,
8474189,singleSeason,20202021,,,,719.07,15,8,21,69,44,36,0,4,38.52,592.8,21,50.37,2,0,0,0,87.75,16,-1,23,947,,,,,,,,,,,,,,,,,,,,
8474578,singleSeason,20202021,,,,1226.82,14,8,18,110,52,20,3,8,152.63,1011.65,18,0.0,1,0,0,1,62.53,69,-18,22,1420,,,,,,,,,,,,,,,,,,,,
8475191,singleSeason,20202021,,,,947.03,11,14,18,124,53,46,4,5,122.97,733.03,18,0.0,1,1,2,2,91.03,20,10,25,1181,,,,,,,,,,,,,,,,,,,,
8475810,singleSeason,20202021,,,,1104.55,20,22,18,154,56,62,6,11,155.9,928.45,18,50.0,6,0,0,0,20.2,30,9,42,1387,,,,,,,,,,,,,,,,,,,,
8476442,singleSeason,20202021,,,,391.85,2,5,4,45,28,25,0,0,3.23,310.8,4,57.14,0,0,0,0,77.82,19,-4,7,547,,,,,,,,,,,,,,,,,,,,
8476483,singleSeason,20202021,,,,926.98,19,9,12,144,52,65,0,4,111.95,813.67,12,33.33,1,0,0,0,1.37,16,-14,28,1152,,,,,,,,,,,,,,,,,,,,
8476994,singleSeason,20202021,,,,319.13,8,4,8,33,26,37,0,0,6.83,304.18,8,15.0,0,0,0,0,8.12,3,0,12,407,,,,,,,,,,,,,,,,,,,,
8477244,singleSeason,20202021,,,,249.78,2,0,14,16,17,32,0,0,0.5,219.2,14,0.0,0,0,0,0,30.08,13,3,2,352,,,,,,,,,,,,,,,,,,,,
8477404,singleSeason,20202021,,,,1134.97,34,23,28,141,56,43,6,18,169.02,962.92,28,25.0,7,1,0,1,3.03,32,7,57,1403,,,,,,,,,,,,,,,,,,,,
8477435,singleSeason,20202021,,,,1029.02,13,2,55,101,54,77,0,0,2.77,847.3,55,0.0,0,0,0,0,178.95,91,15,15,1248,,,,,,,,,,,,,,,,,,,,
8477465,singleSeason,20202021,,,,2185.3,,,,,39,,,,,,,,,,,,,,,,,3,2,,25,9,1000,121,36,843,38,918,144,,0.909,38,1100,100,84.02777777777779,91.83006535947712,
8477969,singleSeason,20202021,,,,774.8,7,2,22,46,47,51,0,0,11.73,727.63,22,0.0,0,0,0,0,35.43,39,8,9,985,,,,,,,,,,,,,,,,,,,,
8478569,singleSeason,20202021,,,,631.13,7,4,9,68,41,91,1,3,18.6,502.92,9,52.4,1,0,0,1,109.62,63,0,11,847,,,,,,,,,,,,,,,,,,,,
8480058,singleSeason,20202021,,,,268.62,4,1,6,27,16,22,0,0,6.52,252.38,6,0.0,0,0,0,0,9.72,7,1,5,358,,,,,,,,,,,,,,,,,,,,
8482055,singleSeason,20202021,,,,89.53,1,0,2,8,10,6,0,0,13.18,73.47,2,50.0,0,0,0,0,2.88,2,-2,1,121,,,,,,,,,,,,,,,,,,,,
8482241,singleSeason,20202021,,,,72.23,2,2,4,8,8,7,0,1,7.1,65.13,4,62.5,1,0,0,0,0.0,0,4,4,107,,,,,,,,,,,,,,,,,,,,
8473473,singleSeason,20202021,,,,763.18,13,10,46,74,56,139,2,2,83.32,678.48,46,27.27,0,0,0,0,1.38,12,-8,23,1023,,,,,,,,,,,,,,,,,,,,
8476891,singleSeason,20202021,,,,730.52,15,5,22,80,37,19,1,7,101.05,616.88,22,0.0,1,0,0,0,12.58,34,11,20,951,,,,,,,,,,,,,,,,,,,,
8473419,singleSeason,20202021,,,,1002.25,40,29,46,143,53,66,4,18,170.95,746.42,46,31.42,5,1,4,7,84.88,11,26,69,1234,,,,,,,,,,,,,,,,,,,,
8474031,singleSeason,20202021,,,,1166.3,13,2,28,93,55,57,1,5,115.5,1013.28,28,0.0,0,0,0,0,37.52,58,-8,15,1391,,,,,,,,,,,,,,,,,,,,
8474037,singleSeason,20202021,,,,926.45,26,17,14,132,56,40,10,12,151.08,774.0,14,50.0,1,0,0,0,1.37,16,2,43,1221,,,,,,,,,,,,,,,,,,,,
8475745,singleSeason,20202021,,,,830.75,10,6,20,79,51,57,0,2,67.43,665.18,20,48.32,2,0,1,1,98.13,24,-4,16,1067,,,,,,,,,,,,,,,,,,,,
8475762,singleSeason,20202021,,,,1161.57,10,2,35,67,56,80,0,0,4.75,1005.07,35,0.0,0,0,0,0,151.75,115,1,12,1465,,,,,,,,,,,,,,,,,,,,
8476854,singleSeason,20202021,,,,396.53,4,2,16,29,18,9,0,1,14.32,350.88,16,0.0,0,0,0,0,31.33,19,-1,6,479,,,,,,,,,,,,,,,,,,,,
8476999,singleSeason,20202021,,,,1117.08,,,,,20,,,,,,,,,,,,,,,,,3,0,,9,6,542,74,7,461,8,497,86,,0.917,20,591,49,86.04651162790698,92.75653923541248,
8477887,singleSeason,20202021,,,,36.38,0,0,2,5,4,7,0,0,0.0,36.33,2,69.56,0,0,0,0,0.05,2,0,0,51,,,,,,,,,,,,,,,,,,,,
8477956,singleSeason,20202021,,,,893.48,28,20,24,176,48,35,6,14,167.57,724.47,24,28.57,3,0,0,0,1.45,13,10,48,997,,,,,,,,,,,,,,,,,,,,
8478046,singleSeason,20202021,,,,634.87,7,7,0,76,43,32,1,1,38.92,541.12,0,14.28,1,0,0,0,54.83,30,-9,14,866,,,,,,,,,,,,,,,,,,,,
8478401,singleSeason,20202021,,,,857.75,18,17,10,103,50,42,5,11,133.62,657.33,10,51.48,4,2,0,0,66.8,10,-11,35,1168,,,,,,,,,,,,,,,,,,,,
8478443,singleSeason,20202021,,,,505.15,1,3,12,43,27,38,0,0,0.92,429.28,12,0.0,1,0,0,0,74.95,35,1,4,656,,,,,,,,,,,,,,,,,,,,
8478498,singleSeason,20202021,,,,610.65,9,5,6,92,41,33,2,3,56.47,525.2,6,40.0,1,0,0,0,28.98,20,1,14,788,,,,,,,,,,,,,,,,,,,,
8479325,singleSeason,20202021,,,,1223.78,25,5,38,92,51,65,1,8,101.1,1000.12,38,0.0,0,0,0,1,122.57,80,22,30,1467,,,,,,,,,,,,,,,,,,,,
8479365,singleSeason,20202021,,,,472.72,1,4,65,44,42,61,0,0,11.57,450.05,65,52.85,3,0,0,0,11.1,15,-8,5,645,,,,,,,,,,,,,,,,,,,,
8479546,singleSeason,20202021,,,,40.22,0,0,2,6,3,11,0,0,1.65,38.57,2,0.0,0,0,0,0,0.0,1,-1,0,52,,,,,,,,,,,,,,,,,,,,
8479987,singleSeason,20202021,,,,352.33,6,3,10,30,36,28,2,2,38.43,310.45,10,52.48,0,0,0,0,3.45,6,1,9,477,,,,,,,,,,,,,,,,,,,,
8480070,singleSeason,20202021,,,,586.08,4,3,14,23,39,18,0,0,3.9,568.67,14,0.0,0,0,0,0,13.52,37,-10,7,745,,,,,,,,,,,,,,,,,,,,
8480280,singleSeason,20202021,,,,601.72,,,,,10,,,,,,,,,,,,,,,,,0,2,,7,3,256,27,8,221,9,232,30,,0.945,10,271,15,90.0,95.25862068965517,
8477480,singleSeason,20202021,,,,60.0,,,,,1,,,,,,,,,,,,,,,,,0,0,,1,0,30,8,0,22,0,23,10,,0.909,1,33,3,80.0,95.65217391304348,
8480807,singleSeason,20202021,,,,216.37,2,0,4,10,12,20,0,0,0.0,194.75,4,0.0,0,0,0,0,21.62,10,-8,2,249,,,,,,,,,,,,,,,,,,,,
8473446,singleSeason,20202021,,,,53.7,1,0,2,5,4,7,0,0,1.97,41.75,2,0.0,0,0,0,0,9.98,5,2,1,71,,,,,,,,,,,,,,,,,,,,
8473449,singleSeason,20202021,,,,485.85,11,2,0,45,35,29,0,0,20.43,426.88,0,54.16,0,0,1,2,38.53,14,-1,13,651,,,,,,,,,,,,,,,,,,,,
8475784,singleSeason,20202021,,,,769.62,7,7,14,111,53,20,1,1,66.23,702.38,14,46.66,0,0,0,0,1.0,12,-11,14,990,,,,,,,,,,,,,,,,,,,,
8477365,singleSeason,20202021,,,,801.53,6,1,38,48,44,108,0,0,3.4,738.07,38,0.0,0,0,0,1,60.07,52,10,7,1055,,,,,,,,,,,,,,,,,,,,
8477949,singleSeason,20202021,,,,925.45,15,18,28,142,55,52,2,4,111.17,772.88,28,37.5,3,0,0,0,41.4,36,16,33,1169,,,,,,,,,,,,,,,,,,,,
8478109,singleSeason,20202021,,,,973.98,19,13,6,129,56,17,7,15,166.53,806.35,6,50.0,0,0,0,0,1.1,12,-23,32,1158,,,,,,,,,,,,,,,,,,,,
8478413,singleSeason,20202021,,,,884.5,26,6,49,80,56,87,0,1,27.95,792.85,49,48.48,0,0,0,0,63.7,28,5,32,1073,,,,,,,,,,,,,,,,,,,,
8479370,singleSeason,20202021,,,,762.63,10,7,24,92,54,45,0,0,16.38,637.3,24,46.82,1,0,0,0,108.95,19,14,17,1018,,,,,,,,,,,,,,,,,,,,
8479420,singleSeason,20202021,,,,527.17,6,8,17,96,38,25,2,3,47.75,478.32,17,25.0,0,0,0,0,1.1,8,-6,14,699,,,,,,,,,,,,,,,,,,,,
8479999,singleSeason,20202021,,,,651.17,12,10,10,61,41,9,3,6,91.17,549.78,10,48.98,2,0,1,2,10.22,12,-10,22,845,,,,,,,,,,,,,,,,,,,,
8480035,singleSeason,20202021,,,,845.5,5,3,4,50,46,47,0,0,5.22,794.93,4,0.0,0,0,0,0,45.35,53,-11,8,974,,,,,,,,,,,,,,,,,,,,
8480045,singleSeason,20202021,,,,216.7,,,,,4,,,,,,,,,,,,,,,,,0,0,,1,3,135,19,0,116,0,128,21,,0.906,4,149,14,90.47619047619048,90.625,
8480196,singleSeason,20202021,,,,723.73,8,1,12,24,38,32,0,1,15.03,628.1,12,0.0,0,0,0,2,80.6,43,-1,9,823,,,,,,,,,,,,,,,,,,,,
8480839,singleSeason,20202021,,,,1210.05,18,5,26,115,56,80,1,11,171.85,1033.53,26,0.0,0,0,0,0,4.67,45,-36,23,1242,,,,,,,,,,,,,,,,,,,,
8481522,singleSeason,20202021,,,,45.73,1,0,0,1,4,4,0,0,3.0,42.73,0,66.66,0,0,0,0,0.0,1,1,1,59,,,,,,,,,,,,,,,,,,,,
8481528,singleSeason,20202021,,,,588.6,9,4,16,62,41,30,1,1,70.28,516.85,16,47.52,0,0,0,0,1.47,11,-15,13,755,,,,,,,,,,,,,,,,,,,,
8475233,singleSeason,20202021,,,,1071.68,5,1,24,69,54,132,0,0,7.08,962.12,24,0.0,1,0,0,1,102.48,109,-27,6,1321,,,,,,,,,,,,,,,,,,,,
8481523,singleSeason,20202021,,,,334.28,8,2,4,26,18,7,1,1,59.98,252.48,4,40.31,0,0,0,0,21.82,12,-3,10,364,,,,,,,,,,,,,,,,,,,,
8474596,singleSeason,20202021,,,,1702.6,,,,,29,,,,,,,,,,,,,,,,,5,0,,11,12,741,116,13,612,14,674,129,,0.907,27,817,76,89.92248062015504,90.80118694362018,
8475848,singleSeason,20202021,,,,525.33,9,14,16,106,35,46,3,3,68.2,456.48,16,54.76,2,0,0,0,0.65,12,10,23,717,,,,,,,,,,,,,,,,,,,,
8476469,singleSeason,20202021,,,,602.97,7,7,10,73,41,86,1,1,30.1,510.75,10,27.27,0,0,1,2,62.12,13,10,14,851,,,,,,,,,,,,,,,,,,,,
8476871,singleSeason,20202021,,,,870.67,8,10,26,110,51,54,2,3,95.4,721.88,26,37.5,2,0,0,1,53.38,28,-15,18,1225,,,,,,,,,,,,,,,,,,,,
8476875,singleSeason,20202021,,,,820.1,11,5,28,86,44,41,0,1,42.37,773.35,28,0.0,1,0,0,0,4.38,40,9,16,1008,,,,,,,,,,,,,,,,,,,,
8476981,singleSeason,20202021,,,,853.75,7,17,38,125,52,139,1,2,98.57,751.05,38,58.33,5,0,1,1,4.13,25,-10,24,1083,,,,,,,,,,,,,,,,,,,,
8477497,singleSeason,20202021,,,,884.53,18,10,10,98,50,49,4,9,158.85,700.73,10,48.99,5,0,0,0,24.95,18,-6,28,1114,,,,,,,,,,,,,,,,,,,,
8477989,singleSeason,20202021,,,,1030.78,14,17,12,95,56,48,8,11,159.38,763.27,12,52.07,4,0,1,1,108.13,45,-11,31,1373,,,,,,,,,,,,,,,,,,,,
8478133,singleSeason,20202021,,,,556.25,10,3,29,55,47,79,0,0,3.4,467.2,29,50.12,0,0,1,2,85.65,26,2,13,832,,,,,,,,,,,,,,,,,,,,
8480018,singleSeason,20202021,,,,1018.17,26,15,26,110,56,70,5,13,134.3,842.12,26,43.97,1,0,1,2,41.75,38,-5,41,1271,,,,,,,,,,,,,,,,,,,,
8480051,singleSeason,20202021,,,,201.9,,,,,4,,,,,,,,,,,,,,,,,1,0,,1,2,79,10,1,68,1,80,12,,0.849,4,93,14,83.33333333333334,85.0,
8481058,singleSeason,20202021,,,,11.38,0,0,0,1,1,0,0,0,1.3,10.08,0,0.0,0,0,0,0,0.0,0,0,0,14,,,,,,,,,,,,,,,,,,,,
8481540,singleSeason,20202021,,,,139.6,1,4,2,30,10,3,0,0,15.97,123.63,2,0.0,2,2,0,0,0.0,0,-1,5,191,,,,,,,,,,,,,,,,,,,,
8481618,singleSeason,20202021,,,,82.07,3,0,2,8,6,3,0,0,6.02,75.08,2,43.24,0,0,0,0,0.97,1,5,3,109,,,,,,,,,,,,,,,,,,,,
8478469,singleSeason,20202021,,,,1287.92,25,6,36,120,49,68,1,7,167.9,1107.75,36,0.0,1,0,0,0,12.27,72,-15,31,1307,,,,,,,,,,,,,,,,,,,,
8473512,singleSeason,20202021,,,,977.7,27,16,12,120,54,32,1,11,141.67,796.52,12,59.6,2,0,0,0,39.52,6,-4,43,1379,,,,,,,,,,,,,,,,,,,,
8474612,singleSeason,20202021,,,,735.95,7,3,39,79,38,48,0,0,0.38,660.4,39,0.0,0,0,0,0,75.17,81,-3,10,868,,,,,,,,,,,,,,,,,,,,
8475765,singleSeason,20202021,,,,418.08,10,4,0,65,24,30,2,6,61.47,355.97,0,0.0,0,0,0,0,0.65,15,-7,14,500,,,,,,,,,,,,,,,,,,,,
8476341,singleSeason,20202021,,,,448.55,,,,,8,,,,,,,,,,,,,,,,,1,0,,3,4,240,37,4,199,4,219,41,,0.909,8,264,24,90.2439024390244,90.8675799086758,
8476914,singleSeason,20202021,,,,1747.43,,,,,33,,,,,,,,,,,,,,,,,7,0,,9,13,808,85,23,700,24,777,103,,0.894,31,904,96,82.52427184466019,90.09009009009009,
8477330,singleSeason,20202021,,,,868.95,21,17,18,156,56,57,4,14,135.32,733.38,18,0.0,1,1,0,0,0.25,17,-3,38,1039,,,,,,,,,,,,,,,,,,,,
8478472,singleSeason,20202021,,,,612.22,7,12,10,59,56,82,1,2,3.67,579.62,10,38.39,2,0,0,0,28.93,15,3,19,841,,,,,,,,,,,,,,,,,,,,
8479345,singleSeason,20202021,,,,1309.73,23,18,42,176,56,59,5,14,154.35,1100.32,42,0.0,3,1,0,0,55.07,89,-6,41,1480,,,,,,,,,,,,,,,,,,,,
8479772,singleSeason,20202021,,,,293.78,1,1,44,31,34,65,0,0,4.28,289.3,44,50.0,0,0,0,0,0.2,9,-2,2,472,,,,,,,,,,,,,,,,,,,,
8480064,singleSeason,20202021,,,,922.23,18,17,13,96,56,72,6,14,141.55,774.02,13,52.34,2,1,0,0,6.67,34,-12,35,1248,,,,,,,,,,,,,,,,,,,,
8480073,singleSeason,20202021,,,,490.73,11,2,25,42,30,26,1,3,54.03,418.9,25,0.0,0,0,0,0,17.8,18,3,13,661,,,,,,,,,,,,,,,,,,,,
8480208,singleSeason,20202021,,,,922.53,17,17,8,111,56,102,5,15,181.22,740.98,8,38.46,3,0,0,0,0.33,29,-17,34,1161,,,,,,,,,,,,,,,,,,,,
8480448,singleSeason,20202021,,,,7.53,0,1,0,1,1,4,0,0,0.0,5.9,0,100.0,0,0,0,0,1.63,0,1,1,12,,,,,,,,,,,,,,,,,,,,
8480801,singleSeason,20202021,,,,1020.87,19,17,69,220,56,248,5,10,183.9,835.72,69,47.39,3,1,0,0,1.25,23,-17,36,1303,,,,,,,,,,,,,,,,,,,,
8480879,singleSeason,20202021,,,,68.3,0,0,0,6,5,3,0,0,0.0,66.43,0,0.0,0,0,0,0,1.87,5,2,0,90,,,,,,,,,,,,,,,,,,,,
8482116,singleSeason,20202021,,,,834.2,17,12,14,111,53,50,4,9,152.1,682.1,14,29.63,2,0,0,0,0.0,15,-18,29,1012,,,,,,,,,,,,,,,,,,,,
8482245,singleSeason,20202021,,,,863.97,11,3,26,39,47,89,0,0,3.2,759.8,26,0.0,1,0,0,0,100.97,70,4,14,1112,,,,,,,,,,,,,,,,,,,,
8474162,singleSeason,20202021,,,,1143.85,23,4,29,103,53,101,1,2,26.43,981.82,29,0.0,0,0,1,1,135.6,94,21,27,1382,,,,,,,,,,,,,,,,,,,,
8479982,singleSeason,20202021,,,,420.15,7,0,8,31,31,18,0,0,5.62,401.12,8,0.0,0,0,0,0,13.42,22,6,7,567,,,,,,,,,,,,,,,,,,,,
8480043,singleSeason,20202021,,,,30.18,0,0,2,1,2,3,0,0,0.0,26.37,2,0.0,0,0,0,0,3.82,2,1,0,44,,,,,,,,,,,,,,,,,,,,
8470966,singleSeason,20202021,,,,1284.75,17,9,14,142,56,51,4,8,132.68,981.33,14,0.0,2,0,0,0,170.73,110,5,26,1666,,,,,,,,,,,,,,,,,,,,
8471817,singleSeason,20202021,,,,367.38,4,1,27,26,37,141,0,0,1.03,365.98,27,30.76,0,0,0,0,0.37,15,0,5,516,,,,,,,,,,,,,,,,,,,,
8474673,singleSeason,20202021,,,,1207.22,13,1,12,48,56,34,0,3,38.83,1071.28,12,0.0,0,0,0,0,97.1,84,23,14,1464,,,,,,,,,,,,,,,,,,,,
8475166,singleSeason,20202021,,,,1019.03,31,19,14,163,56,51,6,12,145.65,871.33,14,55.28,2,0,0,0,2.05,28,12,50,1189,,,,,,,,,,,,,,,,,,,,
8475714,singleSeason,20202021,,,,823.13,15,13,14,91,49,30,2,8,79.23,646.45,14,43.15,2,0,1,1,97.45,15,13,28,1067,,,,,,,,,,,,,,,,,,,,
8475906,singleSeason,20202021,,,,1202.88,29,7,23,108,53,49,2,17,159.73,1033.58,23,0.0,1,0,0,0,9.57,52,-15,36,1390,,,,,,,,,,,,,,,,,,,,
8476853,singleSeason,20202021,,,,1298.68,30,5,14,101,55,63,1,12,160.5,1116.03,14,0.0,1,1,0,1,22.15,61,11,35,1425,,,,,,,,,,,,,,,,,,,,
8476931,singleSeason,20202021,,,,249.37,2,1,9,15,13,22,0,0,1.18,216.93,9,0.0,0,0,0,0,31.25,15,2,3,308,,,,,,,,,,,,,,,,,,,,
8477479,singleSeason,20202021,,,,176.53,2,5,4,20,9,13,3,4,32.03,126.7,4,50.0,1,1,0,0,17.8,3,0,7,200,,,,,,,,,,,,,,,,,,,,
8477503,singleSeason,20202021,,,,821.98,15,9,75,99,54,15,2,3,85.62,735.95,75,48.48,2,1,0,0,0.42,10,-18,24,1044,,,,,,,,,,,,,,,,,,,,
8477939,singleSeason,20202021,,,,846.63,25,17,16,133,51,12,4,11,123.77,722.18,16,56.52,2,1,0,0,0.68,15,10,42,1056,,,,,,,,,,,,,,,,,,,,
8478021,singleSeason,20202021,,,,268.85,2,0,9,11,19,15,0,0,0.83,245.48,9,0.0,0,0,0,0,22.53,14,0,2,329,,,,,,,,,,,,,,,,,,,,
8478483,singleSeason,20202021,,,,1233.48,47,20,20,156,55,23,0,14,171.92,954.7,20,80.0,5,0,0,2,106.87,41,21,67,1377,,,,,,,,,,,,,,,,,,,,
8478492,singleSeason,20202021,,,,1092.82,,,,,19,,,,,,,,,,,,,,,,,1,2,,13,4,450,61,8,381,10,419,70,,0.902,18,499,49,87.14285714285714,90.9307875894988,
8479318,singleSeason,20202021,,,,1120.77,25,41,10,222,52,57,10,13,168.07,944.23,10,51.9,12,2,0,0,8.47,47,21,66,1217,,,,,,,,,,,,,,,,,,,,
8479393,singleSeason,20202021,,,,351.73,1,5,6,60,30,47,0,0,12.75,331.97,6,28.98,0,0,0,0,7.02,19,-16,6,491,,,,,,,,,,,,,,,,,,,,
8480144,singleSeason,20202021,,,,821.35,11,1,20,63,56,45,0,0,1.43,690.57,20,52.76,0,0,0,0,129.35,14,-3,12,1116,,,,,,,,,,,,,,,,,,,,
8481122,singleSeason,20202021,,,,103.18,0,0,2,3,6,20,0,0,0.13,93.22,2,0.0,0,0,0,0,9.83,9,-3,0,138,,,,,,,,,,,,,,,,,,,,
8470613,singleSeason,20202021,,,,1463.93,22,7,36,138,56,31,2,6,148.25,1155.2,36,0.0,1,0,0,1,160.48,94,-13,29,1614,,,,,,,,,,,,,,,,,,,,
8473533,singleSeason,20202021,,,,979.73,22,16,30,103,53,135,7,14,140.9,726.92,30,57.98,4,1,0,1,111.92,24,2,38,1296,,,,,,,,,,,,,,,,,,,,
8475200,singleSeason,20202021,,,,1010.5,14,8,20,83,51,87,0,2,35.95,943.55,20,0.0,2,1,0,0,31.0,50,16,22,1207,,,,,,,,,,,,,,,,,,,,
8475855,singleSeason,20202021,,,,703.65,13,6,14,38,46,78,1,4,52.58,597.0,14,34.21,1,0,0,0,54.07,23,-4,19,937,,,,,,,,,,,,,,,,,,,,
8475883,singleSeason,20202021,,,,1420.12,,,,,24,,,,,,,,,,,,,,,,,3,0,,13,8,598,68,20,510,23,559,86,,0.895,23,668,70,79.06976744186046,91.23434704830053,
8476474,singleSeason,20202021,,,,57.65,0,0,2,5,6,4,0,0,0.25,56.57,2,25.0,0,0,0,0,0.83,0,0,0,86,,,,,,,,,,,,,,,,,,,,
8476869,singleSeason,20202021,,,,1078.08,7,3,30,104,52,66,0,0,3.0,935.77,30,0.0,1,0,0,1,139.32,62,6,10,1254,,,,,,,,,,,,,,,,,,,,
8476882,singleSeason,20202021,,,,345.27,10,5,4,49,21,8,0,2,36.0,288.12,4,65.0,2,0,0,0,21.15,9,5,15,451,,,,,,,,,,,,,,,,,,,,
8476921,singleSeason,20202021,,,,561.3,9,4,25,62,44,90,0,0,3.12,503.63,25,46.98,1,0,0,1,54.55,20,-3,13,793,,,,,,,,,,,,,,,,,,,,
8476958,singleSeason,20202021,,,,1195.08,12,3,2,101,52,35,0,1,6.7,1047.3,2,0.0,0,0,0,1,141.08,87,22,15,1309,,,,,,,,,,,,,,,,,,,,
8477293,singleSeason,20202021,,,,678.83,,,,,12,,,,,,,,,,,,,,,,,2,0,,5,5,363,60,6,297,6,327,68,,0.905,11,401,38,88.23529411764706,90.82568807339449,
8477488,singleSeason,20202021,,,,1253.57,21,4,20,89,55,17,1,5,46.85,1034.5,20,0.0,0,0,0,0,172.22,82,14,25,1408,,,,,,,,,,,,,,,,,,,,
8477950,singleSeason,20202021,,,,110.85,1,0,4,13,6,3,0,1,21.93,88.73,4,0.0,0,0,0,0,0.18,6,-6,1,134,,,,,,,,,,,,,,,,,,,,
8477962,singleSeason,20202021,,,,496.48,7,4,73,50,49,109,0,0,27.62,467.62,73,23.07,1,0,0,0,1.25,26,-2,11,719,,,,,,,,,,,,,,,,,,,,
8478047,singleSeason,20202021,,,,350.53,3,10,12,38,21,28,3,3,40.05,310.23,12,58.33,1,0,0,0,0.25,1,-1,13,467,,,,,,,,,,,,,,,,,,,,
8478427,singleSeason,20202021,,,,1090.35,33,24,32,148,56,38,7,18,169.75,829.02,32,52.74,7,1,3,3,91.58,25,16,57,1303,,,,,,,,,,,,,,,,,,,,
8478970,singleSeason,20202021,,,,241.87,1,0,12,14,18,11,0,0,0.0,229.0,12,0.0,0,0,0,0,12.87,10,-11,1,331,,,,,,,,,,,,,,,,,,,,
8480039,singleSeason,20202021,,,,916.45,27,14,10,114,53,45,4,11,97.88,767.63,10,46.15,3,2,2,4,50.93,32,25,41,1114,,,,,,,,,,,,,,,,,,,,
8480829,singleSeason,20202021,,,,828.62,15,5,12,87,56,84,0,4,106.02,721.58,12,47.9,1,0,0,0,1.02,27,-1,20,1090,,,,,,,,,,,,,,,,,,,,
8480830,singleSeason,20202021,,,,964.65,27,15,44,147,55,114,4,17,161.68,802.18,44,33.33,1,0,0,0,0.78,18,1,42,1177,,,,,,,,,,,,,,,,,,,,
8479981,singleSeason,20202021,,,,4.92,0,0,17,0,1,1,0,0,0.0,4.92,17,0.0,0,0,0,0,0.0,0,-1,0,7,,,,,,,,,,,,,,,,,,,,
8475171,singleSeason,20202021,,,,964.78,21,3,32,83,46,72,2,14,109.9,774.82,32,0.0,0,0,0,0,80.07,26,-17,24,1211,,,,,,,,,,,,,,,,,,,,
8475179,singleSeason,20202021,,,,920.05,4,0,28,51,48,93,0,0,1.87,811.38,28,0.0,0,0,0,0,106.8,49,-3,4,1132,,,,,,,,,,,,,,,,,,,,
8475683,singleSeason,20202021,,,,1816.47,,,,,31,,,,,,,,,,,,,,,,,2,0,,19,8,847,131,40,676,42,741,152,,0.906,30,935,88,86.18421052631578,91.22807017543859,
8476393,singleSeason,20202021,,,,694.77,13,5,41,60,52,48,0,4,84.55,608.48,41,52.77,1,0,0,0,1.73,16,4,18,874,,,,,,,,,,,,,,,,,,,,
8476422,singleSeason,20202021,,,,1060.25,27,0,22,98,55,70,0,4,62.83,910.72,22,0.0,0,0,0,0,86.7,43,5,27,1395,,,,,,,,,,,,,,,,,,,,
8476932,singleSeason,20202021,,,,464.3,,,,,8,,,,,,,,,,,,,,,,,0,1,,4,3,213,31,4,178,4,193,33,,0.926,7,230,17,93.93939393939394,92.2279792746114,
8477409,singleSeason,20202021,,,,762.53,18,18,31,107,43,33,1,2,58.88,693.17,31,46.93,3,0,1,1,10.48,14,24,36,932,,,,,,,,,,,,,,,,,,,,
8477493,singleSeason,20202021,,,,1046.87,32,26,14,176,50,31,7,19,199.55,776.07,14,54.87,6,2,1,1,71.25,37,12,58,1208,,,,,,,,,,,,,,,,,,,,
8477933,singleSeason,20202021,,,,1055.1,15,25,10,130,54,15,10,16,164.33,888.58,10,45.65,5,0,0,0,2.18,27,-28,40,1194,,,,,,,,,,,,,,,,,,,,
8477935,singleSeason,20202021,,,,692.23,17,10,52,106,48,108,1,3,58.45,587.93,52,47.51,4,1,0,0,45.85,18,-2,27,938,,,,,,,,,,,,,,,,,,,,
8478055,singleSeason,20202021,,,,857.55,12,5,8,94,43,30,1,4,19.58,730.93,8,0.0,0,0,0,0,107.03,42,17,17,1114,,,,,,,,,,,,,,,,,,,,
8478542,singleSeason,20202021,,,,493.67,7,7,6,65,35,21,2,2,37.85,435.03,6,42.18,1,0,0,0,20.78,10,-3,14,692,,,,,,,,,,,,,,,,,,,,
8478831,singleSeason,20202021,,,,400.93,5,5,8,42,32,17,0,1,33.28,367.57,8,47.24,1,0,0,0,0.08,13,-4,10,518,,,,,,,,,,,,,,,,,,,,
8478859,singleSeason,20202021,,,,435.53,2,1,11,22,30,49,0,0,0.57,376.95,11,0.0,0,0,0,0,58.02,36,-11,3,626,,,,,,,,,,,,,,,,,,,,
8478904,singleSeason,20202021,,,,469.75,6,2,8,40,45,47,0,0,3.28,459.25,8,51.13,1,0,0,0,7.22,16,1,8,652,,,,,,,,,,,,,,,,,,,,
8479066,singleSeason,20202021,,,,330.42,2,2,67,47,34,90,0,0,1.35,313.97,67,0.0,0,0,0,0,15.1,10,-2,4,465,,,,,,,,,,,,,,,,,,,,
8479314,singleSeason,20202021,,,,1016.75,27,16,55,151,56,132,4,15,179.45,834.15,55,42.85,0,0,0,0,3.15,9,6,43,1253,,,,,,,,,,,,,,,,,,,,
8479335,singleSeason,20202021,,,,359.93,4,7,0,34,28,15,0,0,0.38,338.43,0,35.29,2,0,0,0,21.12,3,1,11,481,,,,,,,,,,,,,,,,,,,,
8479367,singleSeason,20202021,,,,28.38,0,0,2,3,2,6,0,0,0.0,27.53,2,0.0,0,0,0,0,0.85,1,-2,0,40,,,,,,,,,,,,,,,,,,,,
8479372,singleSeason,20202021,,,,206.67,3,1,4,14,13,10,0,0,4.0,202.22,4,0.0,0,0,0,0,0.45,9,0,4,280,,,,,,,,,,,,,,,,,,,,
8480185,singleSeason,20202021,,,,578.02,5,3,12,34,44,55,0,0,1.58,483.33,12,47.99,1,0,0,0,93.1,25,-11,8,821,,,,,,,,,,,,,,,,,,,,
8476883,singleSeason,20202021,,,,2523.62,,,,,42,,,,,,,,,,,,,,,,,1,5,,31,10,1144,159,31,954,33,1023,181,,0.925,42,1237,93,87.84530386740332,93.25513196480938,
8477353,singleSeason,20202021,,,,384.42,3,6,14,40,24,100,0,0,6.13,303.85,14,36.36,1,0,0,0,74.43,28,0,9,577,,,,,,,,,,,,,,,,,,,,
8474564,singleSeason,20202021,,,,694.17,17,17,16,91,38,38,10,15,137.93,532.33,16,57.21,1,0,0,1,23.9,10,4,34,828,,,,,,,,,,,,,,,,,,,,
8474567,singleSeason,20202021,,,,654.17,4,0,49,36,45,67,0,0,2.42,587.62,49,0.0,0,0,0,0,64.13,31,7,4,873,,,,,,,,,,,,,,,,,,,,
8475167,singleSeason,20202021,,,,1352.43,36,9,28,136,54,51,1,24,180.08,1043.6,28,0.0,2,2,0,0,128.75,73,5,45,1500,,,,,,,,,,,,,,,,,,,,
8475177,singleSeason,20202021,,,,819.15,9,1,14,58,44,99,0,1,8.33,729.8,14,0.0,1,0,0,0,81.02,85,-16,10,1009,,,,,,,,,,,,,,,,,,,,
8475766,singleSeason,20202021,,,,408.08,7,3,40,41,34,100,0,0,1.5,334.55,40,26.08,0,0,0,1,72.03,49,-7,10,601,,,,,,,,,,,,,,,,,,,,
8476822,singleSeason,20202021,,,,799.43,9,6,20,67,54,68,0,0,5.28,663.22,20,60.88,1,0,0,0,130.93,57,3,15,1152,,,,,,,,,,,,,,,,,,,,
8477426,singleSeason,20202021,,,,900.6,15,5,19,105,56,74,0,2,21.4,760.35,19,52.14,0,0,1,4,118.85,35,5,20,1238,,,,,,,,,,,,,,,,,,,,
8477839,singleSeason,20202021,,,,726.63,8,14,14,88,53,24,1,3,54.95,671.38,14,30.0,1,1,0,0,0.3,20,-1,22,940,,,,,,,,,,,,,,,,,,,,
8477938,singleSeason,20202021,,,,723.68,1,3,8,62,47,63,0,0,2.37,663.02,8,0.0,0,0,0,0,58.3,55,-12,4,912,,,,,,,,,,,,,,,,,,,,
8477992,singleSeason,20202021,,,,816.83,,,,,15,,,,,,,,,,,,,,,,,2,1,,5,6,341,52,4,285,4,318,58,,0.897,13,380,39,89.65517241379311,89.62264150943396,
8478010,singleSeason,20202021,,,,1032.42,25,23,11,131,56,23,6,15,190.5,841.15,11,49.42,6,1,0,0,0.77,18,2,48,1181,,,,,,,,,,,,,,,,,,,,
8478416,singleSeason,20202021,,,,910.08,13,5,38,85,46,98,0,0,8.93,775.87,38,0.0,0,0,0,0,125.28,46,8,18,1142,,,,,,,,,,,,,,,,,,,,
8478519,singleSeason,20202021,,,,887.35,13,9,10,75,50,64,1,4,96.28,689.08,10,49.13,3,0,2,2,101.98,32,0,22,1122,,,,,,,,,,,,,,,,,,,,
8479410,singleSeason,20202021,,,,1230.33,26,4,30,108,56,66,0,8,116.1,1017.58,30,0.0,1,0,0,0,96.65,73,5,30,1502,,,,,,,,,,,,,,,,,,,,
8479542,singleSeason,20202021,,,,727.42,15,9,11,91,52,59,0,3,29.72,660.42,11,39.13,2,2,0,1,37.28,28,-7,24,949,,,,,,,,,,,,,,,,,,,,
8479661,singleSeason,20202021,,,,181.95,2,5,2,23,15,53,0,0,0.67,177.32,2,33.33,0,0,1,2,3.97,7,6,7,248,,,,,,,,,,,,,,,,,,,,
8479718,singleSeason,20202021,,,,228.78,0,3,0,26,15,8,2,2,40.77,187.98,0,25.0,0,0,0,0,0.03,5,0,3,285,,,,,,,,,,,,,,,,,,,,
8473563,singleSeason,20202021,,,,1022.72,38,15,14,91,55,25,5,22,169.58,836.03,14,48.29,0,0,0,0,17.1,27,0,53,1221,,,,,,,,,,,,,,,,,,,,
8474157,singleSeason,20202021,,,,861.08,27,24,14,174,48,33,6,12,136.32,722.37,14,46.51,6,4,0,0,2.4,29,20,51,1011,,,,,,,,,,,,,,,,,,,,
8475343,singleSeason,20202021,,,,804.73,4,11,31,68,56,109,0,0,5.78,671.18,31,56.25,3,0,0,0,127.77,40,4,15,1124,,,,,,,,,,,,,,,,,,,,
8476441,singleSeason,20202021,,,,1102.6,10,3,25,77,55,98,0,0,4.28,971.33,25,0.0,0,0,0,0,126.98,75,28,13,1301,,,,,,,,,,,,,,,,,,,,
8471214,singleSeason,20202021,,,,877.58,18,24,12,182,45,98,9,17,189.68,686.98,12,0.0,6,1,0,0,0.92,23,-7,42,935,,,,,,,,,,,,,,,,,,,,
8471698,singleSeason,20202021,,,,957.38,21,22,18,106,53,70,13,17,163.28,767.13,18,47.93,1,0,0,0,26.97,27,-3,43,1134,,,,,,,,,,,,,,,,,,,,
8474590,singleSeason,20202021,,,,1236.67,34,10,12,128,52,52,3,15,170.03,966.58,12,0.0,1,0,0,0,100.05,69,-5,44,1364,,,,,,,,,,,,,,,,,,,,
8475311,singleSeason,20202021,,,,1546.62,,,,,27,,,,,,,,,,,,,,,,,3,2,,10,11,644,108,23,513,24,563,123,,0.907,27,710,66,87.8048780487805,91.1190053285968,
8475324,singleSeason,20202021,,,,917.27,12,2,14,60,53,56,0,0,1.55,775.78,14,0.0,0,0,0,0,139.93,65,5,14,1129,,,,,,,,,,,,,,,,,,,,
8475744,singleSeason,20202021,,,,679.45,20,9,18,78,41,21,1,8,101.88,576.2,18,41.37,4,0,0,0,1.37,18,7,29,852,,,,,,,,,,,,,,,,,,,,
8476880,singleSeason,20202021,,,,777.3,20,13,96,83,47,105,4,8,78.23,624.95,96,42.3,4,0,1,1,74.12,25,1,33,1024,,,,,,,,,,,,,,,,,,,,
8477511,singleSeason,20202021,,,,1014.93,14,15,25,138,56,49,3,4,138.47,871.32,25,43.9,0,0,0,0,5.15,27,-14,29,1158,,,,,,,,,,,,,,,,,,,,
8477845,singleSeason,20202021,,,,341.53,2,1,2,23,20,13,0,1,4.28,304.92,2,0.0,0,0,0,0,32.33,27,-1,3,420,,,,,,,,,,,,,,,,,,,,
8477947,singleSeason,20202021,,,,88.4,0,0,0,8,6,4,0,0,6.87,81.53,0,0.0,0,0,0,0,0.0,0,0,0,117,,,,,,,,,,,,,,,,,,,,
8478440,singleSeason,20202021,,,,620.53,8,9,14,71,40,8,4,7,121.38,497.8,14,47.03,1,0,0,0,1.35,19,-16,17,713,,,,,,,,,,,,,,,,,,,,
8479547,singleSeason,20202021,,,,14.32,0,0,0,2,1,0,0,0,1.88,12.43,0,0.0,0,0,0,0,0.0,0,0,0,18,,,,,,,,,,,,,,,,,,,,
8480873,singleSeason,20202021,,,,131.95,4,0,0,9,9,11,0,0,15.85,115.9,0,0.0,0,0,0,0,0.2,7,6,4,173,,,,,,,,,,,,,,,,,,,,
8481580,singleSeason,20202021,,,,9.9,0,0,2,1,1,0,0,0,0.0,9.9,2,100.0,0,0,0,0,0.0,0,0,0,13,,,,,,,,,,,,,,,,,,,,
8470621,singleSeason,20202021,,,,673.22,12,9,39,62,49,56,1,7,104.93,566.77,39,0.0,1,0,0,0,1.52,15,-4,21,876,,,,,,,,,,,,,,,,,,,,
8473422,singleSeason,20202021,,,,870.65,13,7,32,81,49,133,1,2,94.4,695.4,32,44.82,0,0,0,3,80.85,37,2,20,1075,,,,,,,,,,,,,,,,,,,,
8474870,singleSeason,20202021,,,,751.5,14,8,16,77,55,63,2,3,86.07,664.68,16,54.83,1,0,0,0,0.75,15,-1,22,974,,,,,,,,,,,,,,,,,,,,
8475791,singleSeason,20202021,,,,946.55,23,10,26,136,53,34,2,8,138.65,806.72,26,41.17,1,1,0,0,1.18,15,-6,33,1122,,,,,,,,,,,,,,,,,,,,
8475797,singleSeason,20202021,,,,359.1,1,0,11,30,21,56,0,0,0.42,296.58,11,0.0,0,0,0,0,62.1,30,-6,1,464,,,,,,,,,,,,,,,,,,,,
8475852,singleSeason,20202021,,,,670.98,,,,,12,,,,,,,,,,,,,,,,,3,3,,6,2,275,21,5,249,9,266,23,,0.923,12,298,23,91.30434782608695,93.60902255639097,
8476473,singleSeason,20202021,,,,1107.27,12,3,35,78,50,102,1,1,6.5,963.57,35,0.0,1,0,0,1,137.2,123,1,15,1271,,,,,,,,,,,,,,,,,,,,
8476960,singleSeason,20202021,,,,702.62,13,10,27,85,47,11,0,1,88.03,612.73,27,100.0,1,0,0,0,1.85,16,-6,23,928,,,,,,,,,,,,,,,,,,,,
8477450,singleSeason,20202021,,,,825.9,8,7,18,66,51,78,0,1,8.47,731.38,18,46.28,2,1,0,0,86.05,49,-2,15,1200,,,,,,,,,,,,,,,,,,,,
8477495,singleSeason,20202021,,,,1412.73,23,5,26,141,56,102,2,8,112.4,1190.13,26,0.0,1,1,0,0,110.2,101,-18,28,1604,,,,,,,,,,,,,,,,,,,,
8477987,singleSeason,20202021,,,,630.08,14,6,10,104,50,50,2,6,85.62,544.02,10,42.85,1,0,0,0,0.45,21,-11,20,837,,,,,,,,,,,,,,,,,,,,
8479458,singleSeason,20202021,,,,1250.7,13,4,26,70,55,114,0,0,12.17,1080.0,26,0.0,1,0,0,1,158.53,110,-13,17,1506,,,,,,,,,,,,,,,,,,,,
8480025,singleSeason,20202021,,,,49.08,1,1,2,6,5,10,0,0,0.0,49.08,2,22.22,0,0,0,0,0.0,2,1,2,71,,,,,,,,,,,,,,,,,,,,
8480798,singleSeason,20202021,,,,706.22,8,8,12,65,54,32,2,5,76.78,629.1,12,41.12,1,0,0,0,0.33,18,-9,16,884,,,,,,,,,,,,,,,,,,,,
8481147,singleSeason,20202021,,,,39.73,0,0,9,4,5,22,0,0,0.0,39.73,9,0.0,0,0,0,0,0.0,2,-2,0,53,,,,,,,,,,,,,,,,,,,,
8477952,singleSeason,20202021,,,,518.08,8,10,16,58,30,34,0,2,71.5,445.68,16,43.68,5,0,0,0,0.9,17,3,18,593,,,,,,,,,,,,,,,,,,,,
8473503,singleSeason,20202021,,,,1331.1,,,,,22,,,,,,,,,,,,,,,,,2,0,,15,5,568,92,11,465,11,508,108,,0.906,21,627,59,85.18518518518519,91.53543307086615,
8473507,singleSeason,20202021,,,,1250.57,30,12,20,128,55,97,4,15,130.2,1014.63,20,0.0,2,0,0,1,105.73,60,6,42,1378,,,,,,,,,,,,,,,,,,,,
8474102,singleSeason,20202021,,,,1038.75,39,19,22,151,56,45,6,21,152.22,884.83,22,0.0,2,1,0,0,1.7,25,6,58,1214,,,,,,,,,,,,,,,,,,,,
8475279,singleSeason,20202021,,,,893.28,6,1,50,81,41,77,1,1,9.85,771.58,50,0.0,0,0,0,0,111.85,60,-16,7,998,,,,,,,,,,,,,,,,,,,,
8475718,singleSeason,20202021,,,,1158.47,18,2,25,57,55,82,0,0,8.83,1009.67,25,0.0,1,1,0,1,139.97,84,16,20,1407,,,,,,,,,,,,,,,,,,,,
8476874,singleSeason,20202021,,,,673.9,4,0,6,43,41,41,0,0,2.75,614.05,6,0.0,0,0,0,0,57.1,53,-8,4,800,,,,,,,,,,,,,,,,,,,,
8476906,singleSeason,20202021,,,,817.55,11,9,6,85,41,18,5,9,110.23,702.73,6,0.0,0,0,0,0,4.58,47,-2,20,1025,,,,,,,,,,,,,,,,,,,,
8477429,singleSeason,20202021,,,,1003.77,24,15,20,115,55,67,6,12,98.45,768.25,20,53.01,1,0,0,1,137.07,41,2,39,1268,,,,,,,,,,,,,,,,,,,,
8477456,singleSeason,20202021,,,,682.43,8,10,19,47,48,32,1,2,65.58,508.45,19,45.86,2,0,0,0,108.4,38,10,18,959,,,,,,,,,,,,,,,,,,,,
8477946,singleSeason,20202021,,,,897.7,14,9,34,134,44,38,1,6,122.13,761.65,34,49.45,0,0,0,0,13.92,17,-14,23,979,,,,,,,,,,,,,,,,,,,,
8478013,singleSeason,20202021,,,,347.1,1,1,8,47,24,26,0,0,1.32,320.25,8,0.0,0,0,0,0,25.53,20,-7,2,499,,,,,,,,,,,,,,,,,,,,
8478024,singleSeason,20202021,,,,917.32,,,,,17,,,,,,,,,,,,,,,,,1,1,,9,6,411,65,9,337,10,374,76,,0.893,15,460,49,85.52631578947368,90.10695187165776,
8478432,singleSeason,20202021,,,,662.97,8,3,6,47,52,148,0,1,19.35,549.4,6,50.0,0,0,0,0,94.22,27,-10,11,962,,,,,,,,,,,,,,,,,,,,
8478466,singleSeason,20202021,,,,490.08,7,13,12,74,42,28,0,0,25.45,464.13,12,50.0,3,0,0,0,0.5,1,7,20,643,,,,,,,,,,,,,,,,,,,,
8478512,singleSeason,20202021,,,,49.97,0,0,0,2,4,2,0,0,6.55,41.37,0,58.33,0,0,0,0,2.05,2,-1,0,66,,,,,,,,,,,,,,,,,,,,
8479312,singleSeason,20202021,,,,324.15,,,,,6,,,,,,,,,,,,,,,,,1,0,,1,3,151,20,5,126,6,136,27,,0.893,5,169,18,74.07407407407408,92.64705882352942,
8479337,singleSeason,20202021,,,,1068.07,24,32,12,155,52,70,9,18,198.3,847.13,12,40.0,7,3,1,1,22.63,22,3,56,1117,,,,,,,,,,,,,,,,,,,,
8479992,singleSeason,20202021,,,,591.95,9,3,26,62,40,72,0,2,90.7,477.75,26,44.37,1,0,0,0,23.5,28,-5,12,774,,,,,,,,,,,,,,,,,,,,
8480011,singleSeason,20202021,,,,27.6,1,0,0,0,2,9,0,0,0.0,27.6,0,0.0,0,0,0,0,0.0,0,-1,1,33,,,,,,,,,,,,,,,,,,,,
8480813,singleSeason,20202021,,,,75.52,0,1,4,8,5,7,1,1,8.03,67.28,4,50.0,0,0,0,0,0.2,4,0,1,93,,,,,,,,,,,,,,,,,,,,
8474568,singleSeason,20202021,,,,408.77,2,2,51,43,38,99,0,0,0.0,396.58,51,0.0,0,0,0,0,12.18,17,2,4,586,,,,,,,,,,,,,,,,,,,,
8479996,singleSeason,20202021,,,,392.58,6,4,8,28,27,10,4,5,62.28,329.37,8,42.47,0,0,0,0,0.93,9,6,10,493,,,,,,,,,,,,,,,,,,,,
8474151,singleSeason,20202021,,,,1094.77,8,4,14,85,50,69,0,0,15.57,936.43,14,0.0,0,0,0,0,142.77,96,13,12,1300,,,,,,,,,,,,,,,,,,,,
8474600,singleSeason,20202021,,,,1168.62,25,8,20,141,48,27,1,14,144.0,998.45,20,0.0,3,2,0,1,26.17,83,-11,33,1290,,,,,,,,,,,,,,,,,,,,
8475158,singleSeason,20202021,,,,1161.93,30,24,18,129,56,24,4,12,148.6,899.18,18,58.77,4,2,2,2,114.15,26,26,54,1392,,,,,,,,,,,,,,,,,,,,
8475197,singleSeason,20202021,,,,1198.2,40,8,10,146,56,26,4,23,195.63,995.67,10,0.0,2,0,0,0,6.9,59,4,48,1197,,,,,,,,,,,,,,,,,,,,
8476887,singleSeason,20202021,,,,713.37,20,12,16,129,39,47,3,13,114.82,598.07,16,37.5,3,1,0,0,0.48,14,-9,32,842,,,,,,,,,,,,,,,,,,,,
8476925,singleSeason,20202021,,,,775.02,7,8,18,58,54,74,0,0,8.6,639.77,18,53.97,0,0,1,2,126.65,27,2,15,1077,,,,,,,,,,,,,,,,,,,,
8477424,singleSeason,20202021,,,,2051.8,,,,,36,,,,,,,,,,,,,,,,,1,3,,21,11,995,111,22,862,23,915,135,,0.927,35,1073,78,82.22222222222221,94.20765027322405,
8477446,singleSeason,20202021,,,,61.75,0,0,16,3,6,12,0,0,4.38,55.02,16,42.85,0,0,0,0,2.35,0,1,0,85,,,,,,,,,,,,,,,,,,,,
8478468,singleSeason,20202021,,,,767.13,7,1,40,48,41,98,0,0,1.88,638.63,40,0.0,0,0,0,1,126.62,53,8,8,1019,,,,,,,,,,,,,,,,,,,,
8478508,singleSeason,20202021,,,,520.3,6,5,22,62,45,94,0,0,7.47,507.65,22,33.33,0,0,0,0,5.18,21,4,11,687,,,,,,,,,,,,,,,,,,,,
8478851,singleSeason,20202021,,,,380.9,2,1,8,31,19,22,0,0,7.28,342.93,8,0.0,0,0,0,0,30.68,31,3,3,490,,,,,,,,,,,,,,,,,,,,
8479371,singleSeason,20202021,,,,772.6,10,2,23,59,40,32,1,2,14.82,699.8,23,0.0,1,0,0,0,57.98,57,-1,12,964,,,,,,,,,,,,,,,,,,,,
8480748,singleSeason,20202021,,,,140.75,3,0,0,18,16,40,0,0,0.55,137.57,0,50.0,0,0,0,0,2.63,6,2,3,209,,,,,,,,,,,,,,,,,,,,
8480853,singleSeason,20202021,,,,302.23,4,0,6,40,24,13,0,0,0.47,290.08,6,20.0,0,0,0,0,11.68,5,0,4,382,,,,,,,,,,,,,,,,,,,,
8480947,singleSeason,20202021,,,,2174.82,,,,,37,,,,,,,,,,,,,,,,,5,2,,17,14,1095,125,35,935,40,1014,150,,0.909,37,1204,109,83.33333333333334,92.20907297830375,
8482062,singleSeason,20202021,,,,5.95,0,0,0,1,1,0,0,0,0.0,5.95,0,0.0,0,0,0,0,0.0,0,0,0,9,,,,,,,,,,,,,,,,,,,,
8474145,singleSeason,20202021,,,,566.52,4,1,47,31,40,85,0,0,0.95,497.68,47,0.0,1,0,0,0,67.88,49,-3,5,874,,,,,,,,,,,,,,,,,,,,
8474618,singleSeason,20202021,,,,977.47,6,3,24,55,49,60,0,0,2.62,859.9,24,0.0,1,0,0,1,114.95,64,14,9,1365,,,,,,,,,,,,,,,,,,,,
8475170,singleSeason,20202021,,,,1072.03,20,16,35,113,56,119,6,9,139.37,896.5,35,52.3,2,0,0,0,36.17,35,-2,36,1256,,,,,,,,,,,,,,,,,,,,
8475181,singleSeason,20202021,,,,1209.05,29,2,8,79,56,58,1,11,121.63,1069.85,8,0.0,1,1,0,0,17.57,54,-3,31,1423,,,,,,,,,,,,,,,,,,,,
8475753,singleSeason,20202021,,,,1358.53,18,7,35,117,56,127,1,5,49.03,1159.92,35,0.0,2,1,0,2,149.58,87,11,25,1700,,,,,,,,,,,,,,,,,,,,
8475763,singleSeason,20202021,,,,963.73,19,12,22,127,55,60,3,9,139.05,752.25,22,48.95,2,1,0,0,72.43,14,-2,31,1266,,,,,,,,,,,,,,,,,,,,
8476412,singleSeason,20202021,,,,2447.67,,,,,42,,,,,,,,,,,,,,,,,8,0,,18,14,1092,157,13,922,13,1004,183,,0.91,41,1200,108,85.79234972677595,91.83266932270917,
8476438,singleSeason,20202021,,,,620.08,9,15,12,68,44,16,2,3,76.07,538.73,12,43.54,1,0,0,0,5.28,10,1,24,852,,,,,,,,,,,,,,,,,,,,
8476792,singleSeason,20202021,,,,1149.97,30,2,25,110,51,51,1,13,145.93,983.55,25,0.0,0,0,0,0,20.48,57,11,32,1400,,,,,,,,,,,,,,,,,,,,
8476892,singleSeason,20202021,,,,682.6,10,2,14,60,32,35,0,0,13.45,601.37,14,0.0,0,0,0,0,67.78,64,-2,12,892,,,,,,,,,,,,,,,,,,,,
8476897,singleSeason,20202021,,,,424.32,5,4,14,32,28,50,1,3,27.17,328.53,14,48.11,0,0,0,0,68.62,25,-6,9,547,,,,,,,,,,,,,,,,,,,,
8477402,singleSeason,20202021,,,,1011.57,28,20,42,120,54,49,1,8,120.85,765.25,42,22.22,2,0,3,4,125.47,29,12,48,1279,,,,,,,,,,,,,,,,,,,,
8477944,singleSeason,20202021,,,,750.35,17,19,10,100,50,29,0,5,113.17,636.52,10,44.44,7,1,0,0,0.67,8,10,36,959,,,,,,,,,,,,,,,,,,,,
8477953,singleSeason,20202021,,,,621.27,19,11,7,68,40,41,1,4,61.7,557.5,7,0.0,3,1,0,0,2.07,8,15,30,843,,,,,,,,,,,,,,,,,,,,
8478104,singleSeason,20202021,,,,434.32,7,8,12,31,36,103,0,0,1.2,432.32,12,75.0,2,0,0,0,0.8,10,0,15,560,,,,,,,,,,,,,,,,,,,,
8479385,singleSeason,20202021,,,,793.32,21,14,12,98,55,7,0,3,68.8,724.42,12,50.0,2,0,0,0,0.1,13,1,35,982,,,,,,,,,,,,,,,,,,,,
8480023,singleSeason,20202021,,,,448.9,9,3,10,22,33,5,0,0,48.28,396.4,10,42.58,1,0,0,0,4.22,11,1,12,561,,,,,,,,,,,,,,,,,,,,
8478430,singleSeason,20202021,,,,104.65,1,0,0,7,8,3,0,0,0.8,102.93,0,0.0,0,0,0,0,0.92,1,-1,1,151,,,,,,,,,,,,,,,,,,,,
8474150,singleSeason,20202021,,,,950.1,23,9,30,144,54,43,0,6,88.22,762.17,30,51.94,1,0,1,2,99.72,21,-7,32,1261,,,,,,,,,,,,,,,,,,,,
8474593,singleSeason,20202021,,,,2487.93,,,,,43,,,,,,,,,,,,,,,,,2,3,,22,19,1050,146,42,862,47,941,173,,0.904,43,1161,111,84.39306358381504,91.60467587672689,
8475172,singleSeason,20202021,,,,922.32,21,11,34,170,56,36,3,9,169.6,750.17,34,52.75,3,0,0,0,2.55,19,-7,32,1149,,,,,,,,,,,,,,,,,,,,
8475690,singleSeason,20202021,,,,1216.93,10,2,6,66,56,33,0,0,11.3,1031.12,6,0.0,0,0,0,0,174.52,107,15,12,1599,,,,,,,,,,,,,,,,,,,,
8476399,singleSeason,20202021,,,,850.58,17,14,37,122,55,109,1,1,19.25,709.0,37,22.22,3,1,1,1,122.33,20,15,31,1146,,,,,,,,,,,,,,,,,,,,
8476456,singleSeason,20202021,,,,1012.57,41,20,36,122,55,51,5,24,237.27,774.2,36,43.59,1,1,0,0,1.1,11,12,61,1166,,,,,,,,,,,,,,,,,,,,
8477346,singleSeason,20202021,,,,1194.27,30,6,45,101,54,118,0,3,22.82,1027.58,45,0.0,1,0,0,2,143.87,83,29,36,1513,,,,,,,,,,,,,,,,,,,,
8477496,singleSeason,20202021,,,,1114.1,28,19,22,130,56,53,6,16,177.58,803.8,22,51.36,4,1,0,1,132.72,34,10,47,1430,,,,,,,,,,,,,,,,,,,,
8477507,singleSeason,20202021,,,,1056.27,7,1,36,52,55,190,0,0,2.2,956.77,36,0.0,0,0,0,0,97.3,74,1,8,1256,,,,,,,,,,,,,,,,,,,,
8478211,singleSeason,20202021,,,,311.28,5,3,4,39,26,94,0,0,3.77,307.52,4,30.76,0,0,0,0,0.0,5,-6,8,444,,,,,,,,,,,,,,,,,,,,
8478233,singleSeason,20202021,,,,933.42,14,18,24,91,56,51,2,5,101.45,757.12,24,11.76,4,0,1,1,74.85,33,1,32,1255,,,,,,,,,,,,,,,,,,,,
8478396,singleSeason,20202021,,,,940.57,11,4,18,89,47,28,0,3,36.25,880.65,18,0.0,1,0,0,0,23.67,40,-2,15,1248,,,,,,,,,,,,,,,,,,,,
8478397,singleSeason,20202021,,,,1188.55,16,5,34,96,56,49,1,6,153.42,989.1,34,0.0,0,0,0,0,46.03,68,-9,21,1591,,,,,,,,,,,,,,,,,,,,
8478421,singleSeason,20202021,,,,8.55,0,0,7,0,1,0,0,0,0.0,8.55,7,0.0,0,0,0,0,0.0,0,0,0,12,,,,,,,,,,,,,,,,,,,,
8478435,singleSeason,20202021,,,,300.07,,,,,5,,,,,,,,,,,,,,,,,1,0,,2,2,132,24,5,103,5,115,29,,0.886,5,149,17,82.75862068965517,89.56521739130436,
8478502,singleSeason,20202021,,,,20.15,0,0,5,0,3,2,0,0,0.0,18.0,5,0.0,0,0,0,0,2.15,1,0,0,33,,,,,,,,,,,,,,,,,,,,
8479346,singleSeason,20202021,,,,695.52,11,11,20,84,51,59,2,2,60.9,628.07,20,52.94,0,0,0,0,6.55,14,-1,22,946,,,,,,,,,,,,,,,,,,,,
8480008,singleSeason,20202021,,,,32.25,1,0,4,3,3,1,0,0,4.63,27.47,4,48.27,0,0,0,0,0.15,0,2,1,48,,,,,,,,,,,,,,,,,,,,
8481068,singleSeason,20202021,,,,907.6,14,16,4,114,54,20,2,2,54.1,757.22,4,28.26,3,1,1,1,96.28,20,-4,30,1200,,,,,,,,,,,,,,,,,,,,
8471677,singleSeason,20202021,,,,220.57,0,1,8,13,13,30,0,0,0.48,195.13,8,0.0,0,0,0,0,24.95,15,-5,1,279,,,,,,,,,,,,,,,,,,,,
8471699,singleSeason,20202021,,,,752.02,6,5,24,88,54,79,0,0,5.85,666.92,24,26.66,0,0,1,1,79.25,24,-8,11,1181,,,,,,,,,,,,,,,,,,,,
8475193,singleSeason,20202021,,,,749.35,20,10,8,82,50,63,2,8,100.45,647.05,8,44.44,1,0,0,0,1.85,20,0,30,1015,,,,,,,,,,,,,,,,,,,,
8475793,singleSeason,20202021,,,,813.28,15,7,22,67,48,43,3,7,131.3,658.22,22,51.58,0,0,0,0,23.77,16,0,22,1009,,,,,,,,,,,,,,,,,,,,
8476312,singleSeason,20202021,,,,413.58,6,1,30,19,23,61,0,0,0.32,354.0,30,0.0,1,1,0,0,59.27,31,-3,7,543,,,,,,,,,,,,,,,,,,,,
8477073,singleSeason,20202021,,,,373.93,2,2,36,16,28,46,0,0,1.22,335.65,36,0.0,0,0,0,0,37.07,35,-14,4,513,,,,,,,,,,,,,,,,,,,,
8477425,singleSeason,20202021,,,,823.63,8,17,29,127,55,38,3,3,103.97,716.37,29,35.0,2,0,0,0,3.3,25,-6,25,1136,,,,,,,,,,,,,,,,,,,,
8477476,singleSeason,20202021,,,,630.92,6,7,6,78,47,85,0,0,4.65,531.12,6,38.46,0,0,2,3,95.15,23,-2,13,914,,,,,,,,,,,,,,,,,,,,
8477492,singleSeason,20202021,,,,977.48,45,20,37,206,48,38,8,25,197.22,778.33,37,48.47,2,0,0,0,1.93,15,22,65,1092,,,,,,,,,,,,,,,,,,,,
8477494,singleSeason,20202021,,,,707.95,21,2,20,76,44,42,0,5,100.62,606.7,20,46.66,0,0,0,0,0.63,7,-8,23,940,,,,,,,,,,,,,,,,,,,,
8477501,singleSeason,20202021,,,,774.47,11,10,4,98,55,65,0,1,48.93,646.47,4,33.33,4,1,1,1,79.07,28,9,21,1066,,,,,,,,,,,,,,,,,,,,
8478038,singleSeason,20202021,,,,1312.9,22,9,16,121,53,44,2,6,91.13,1057.58,16,0.0,2,0,0,0,164.18,87,29,31,1504,,,,,,,,,,,,,,,,,,,,
8478420,singleSeason,20202021,,,,1035.73,36,30,34,177,52,26,9,24,208.45,825.73,34,50.0,7,0,0,0,1.55,20,30,66,1178,,,,,,,,,,,,,,,,,,,,
8479398,singleSeason,20202021,,,,1114.78,27,5,16,79,48,31,0,9,108.42,939.15,16,0.0,0,0,0,0,67.22,52,15,32,1367,,,,,,,,,,,,,,,,,,,,
8479525,singleSeason,20202021,,,,316.93,3,9,16,46,30,36,0,0,20.45,296.48,16,48.55,4,0,0,0,0.0,6,3,12,441,,,,,,,,,,,,,,,,,,,,
8480069,singleSeason,20202021,,,,1069.57,36,8,12,104,44,49,4,22,184.4,844.82,12,0.0,3,0,0,0,40.35,36,17,44,1192,,,,,,,,,,,,,,,,,,,,
8480382,singleSeason,20202021,,,,973.93,,,,,19,,,,,,,,,,,,,,,,,2,2,,8,7,421,47,8,366,10,402,53,,0.905,18,465,44,88.67924528301887,91.04477611940298,
8481031,singleSeason,20202021,,,,130.02,,,,,3,,,,,,,,,,,,,,,,,0,0,,0,1,42,3,3,36,3,42,6,,0.824,1,51,9,50.0,85.71428571428571,
8481186,singleSeason,20202021,,,,240.7,2,3,6,37,22,29,0,0,0.65,201.92,6,50.0,0,0,0,0,38.13,12,6,5,337,,,,,,,,,,,,,,,,,,,,
8481524,singleSeason,20202021,,,,332.72,2,0,23,21,19,33,0,0,14.8,311.65,23,0.0,0,0,0,0,6.27,13,1,2,422,,,,,,,,,,,,,,,,,,,,
8474040,singleSeason,20202021,,,,648.52,8,7,15,88,42,5,1,1,85.2,512.3,15,46.11,1,0,0,0,51.02,14,-4,15,794,,,,,,,,,,,,,,,,,,,,
8475169,singleSeason,20202021,,,,1131.03,27,22,42,194,56,97,3,7,155.53,877.33,42,40.35,2,1,2,4,98.17,22,-1,49,1361,,,,,,,,,,,,,,,,,,,,
8475218,singleSeason,20202021,,,,1097.82,17,6,14,110,48,23,0,2,74.8,896.33,14,0.0,2,0,0,1,126.68,46,19,23,1315,,,,,,,,,,,,,,,,,,,,
8475786,singleSeason,20202021,,,,832.68,18,15,28,115,43,69,3,5,64.83,683.45,28,32.72,4,0,0,0,84.4,21,19,33,984,,,,,,,,,,,,,,,,,,,,
8475789,singleSeason,20202021,,,,1284.4,,,,,22,,,,,,,,,,,,,,,,,2,2,,17,3,539,63,22,454,25,491,69,,0.921,22,585,46,91.30434782608695,92.4643584521385,
8476454,singleSeason,20202021,,,,1080.17,19,16,22,135,52,26,9,20,219.1,763.97,22,45.62,2,0,0,0,97.1,29,-4,35,1085,,,,,,,,,,,,,,,,,,,,
8476879,singleSeason,20202021,,,,981.47,13,4,10,58,53,74,0,0,3.3,844.08,10,0.0,1,0,0,0,134.08,70,18,17,1211,,,,,,,,,,,,,,,,,,,,
8476967,singleSeason,20202021,,,,740.95,6,2,20,57,46,28,0,0,1.28,737.98,20,0.0,0,0,0,0,1.68,54,3,8,882,,,,,,,,,,,,,,,,,,,,
8477015,singleSeason,20202021,,,,1021.57,14,21,12,123,56,22,1,4,76.43,781.47,12,44.44,1,0,5,5,163.67,30,1,35,1333,,,,,,,,,,,,,,,,,,,,
8477406,singleSeason,20202021,,,,957.22,13,11,10,95,56,26,4,7,99.87,763.83,10,32.3,0,0,1,1,93.52,14,-12,24,1175,,,,,,,,,,,,,,,,,,,,
8477498,singleSeason,20202021,,,,1435.0,20,16,57,154,56,117,1,7,77.12,1223.15,57,0.0,2,1,0,0,134.73,100,27,36,1431,,,,,,,,,,,,,,,,,,,,
8477934,singleSeason,20202021,,,,1242.55,53,31,22,168,56,37,15,32,237.0,971.9,22,55.67,8,0,1,1,33.65,12,29,84,1196,,,,,,,,,,,,,,,,,,,,
8477998,singleSeason,20202021,,,,750.17,10,10,20,91,53,60,0,0,4.53,691.0,20,51.42,1,0,0,0,54.63,12,4,20,1048,,,,,,,,,,,,,,,,,,,,
8478402,singleSeason,20202021,,,,1240.6,72,33,20,200,56,61,9,37,234.72,1000.17,20,49.53,11,2,0,0,5.72,24,21,105,1182,,,,,,,,,,,,,,,,,,,,
8478585,singleSeason,20202021,,,,511.3,11,2,16,37,43,13,0,0,10.17,422.35,16,52.04,0,0,0,0,78.78,21,6,13,764,,,,,,,,,,,,,,,,,,,,
8479973,singleSeason,20202021,,,,59.68,,,,,1,,,,,,,,,,,,,,,,,0,0,,1,0,33,5,0,28,0,31,7,,0.868,1,38,5,71.42857142857143,90.32258064516128,
8480802,singleSeason,20202021,,,,127.88,1,0,0,3,10,3,0,0,6.68,110.3,0,50.61,0,0,0,0,10.9,5,-2,1,167,,,,,,,,,,,,,,,,,,,,
8480803,singleSeason,20202021,,,,207.68,3,2,2,38,14,11,1,1,9.82,194.1,2,0.0,0,0,0,0,3.77,11,-2,5,254,,,,,,,,,,,,,,,,,,,,
8477359,singleSeason,20202021,,,,714.02,1,0,2,50,39,69,0,0,1.77,660.73,2,0.0,0,0,0,0,51.52,49,-2,1,899,,,,,,,,,,,,,,,,,,,,
8478465,singleSeason,20202021,,,,11.52,0,0,0,0,1,0,0,0,0.0,10.63,0,0.0,0,0,0,0,0.88,3,0,0,14,,,,,,,,,,,,,,,,,,,,
8474013,singleSeason,20202021,,,,857.45,7,1,32,30,54,38,0,0,2.77,780.88,32,0.0,1,0,0,0,73.8,94,21,8,1066,,,,,,,,,,,,,,,,,,,,
8474574,singleSeason,20202021,,,,1214.35,15,6,51,109,55,61,0,3,48.77,989.28,51,0.0,3,0,1,2,176.3,74,-8,21,1345,,,,,,,,,,,,,,,,,,,,
8476468,singleSeason,20202021,,,,1111.17,31,15,43,106,53,90,3,18,185.35,834.75,43,53.04,4,2,1,1,91.07,24,-7,46,1386,,,,,,,,,,,,,,,,,,,,
8476858,singleSeason,20202021,,,,343.88,7,1,13,44,31,78,0,0,3.72,334.62,13,42.85,0,0,0,0,5.55,16,2,8,482,,,,,,,,,,,,,,,,,,,,
8476927,singleSeason,20202021,,,,638.55,15,7,16,49,43,53,0,0,2.78,543.12,16,48.66,1,0,3,3,92.65,25,10,22,939,,,,,,,,,,,,,,,,,,,,
8477369,singleSeason,20202021,,,,764.27,16,1,51,47,50,62,0,0,2.75,712.93,51,0.0,1,0,0,0,48.58,49,22,17,961,,,,,,,,,,,,,,,,,,,,
8477967,singleSeason,20202021,,,,2086.8,,,,,35,,,,,,,,,,,,,,,,,1,1,,16,18,1065,166,27,872,29,943,192,,0.915,35,1164,99,86.45833333333334,92.47083775185578,
8478017,singleSeason,20202021,,,,99.42,1,2,9,9,9,14,0,0,0.02,99.4,9,0.0,0,0,0,0,0.0,7,1,3,152,,,,,,,,,,,,,,,,,,,,
8478043,singleSeason,20202021,,,,332.38,6,0,25,33,34,89,0,0,0.73,326.52,25,52.38,0,0,0,0,5.13,11,-6,6,511,,,,,,,,,,,,,,,,,,,,
8478057,singleSeason,20202021,,,,107.62,0,1,7,9,12,23,0,0,0.12,105.3,7,57.81,0,0,0,0,2.2,2,-3,1,149,,,,,,,,,,,,,,,,,,,,
8478444,singleSeason,20202021,,,,1081.9,26,23,16,141,56,32,8,14,204.22,876.2,16,36.36,1,0,1,1,1.48,20,-3,49,1308,,,,,,,,,,,,,,,,,,,,
8478454,singleSeason,20202021,,,,47.87,0,0,0,5,4,9,0,0,0.0,46.67,0,0.0,0,0,0,0,1.2,4,-3,0,71,,,,,,,,,,,,,,,,,,,,
8478463,singleSeason,20202021,,,,770.85,13,15,12,109,47,39,3,4,85.15,666.88,12,28.57,5,2,0,0,18.82,13,15,28,954,,,,,,,,,,,,,,,,,,,,
8478856,singleSeason,20202021,,,,878.12,27,12,26,135,49,26,3,10,139.6,737.35,26,33.33,1,0,0,0,1.17,19,-3,39,1119,,,,,,,,,,,,,,,,,,,,
8479193,singleSeason,20202021,,,,1132.32,,,,,20,,,,,,,,,,,,,,,,,0,2,,11,7,495,62,13,420,15,454,74,,0.912,17,543,48,83.78378378378379,92.51101321585902,
8479425,singleSeason,20202021,,,,1309.62,24,2,16,114,56,67,0,11,142.48,1054.1,16,0.0,0,0,0,0,113.03,46,-18,26,1474,,,,,,,,,,,,,,,,,,,,
8480012,singleSeason,20202021,,,,482.78,11,10,6,63,26,11,4,5,114.32,366.38,6,45.0,1,0,0,1,2.08,9,0,21,585,,,,,,,,,,,,,,,,,,,,
8480021,singleSeason,20202021,,,,255.0,2,1,0,28,20,7,0,0,9.0,223.2,0,45.54,0,0,0,0,22.8,10,-3,3,353,,,,,,,,,,,,,,,,,,,,
8480459,singleSeason,20202021,,,,898.35,13,14,14,112,55,28,1,3,73.83,795.85,14,42.56,3,1,0,0,28.67,34,-5,27,1073,,,,,,,,,,,,,,,,,,,,
8480800,singleSeason,20202021,,,,1277.05,38,3,22,98,56,18,0,19,205.43,1068.48,22,0.0,0,0,0,0,3.13,43,-24,41,1303,,,,,,,,,,,,,,,,,,,,
8481535,singleSeason,20202021,,,,864.78,14,13,16,118,56,26,1,1,79.75,783.5,16,50.0,1,0,0,0,1.53,19,-4,27,1197,,,,,,,,,,,,,,,,,,,,
8481624,singleSeason,20202021,,,,767.32,10,7,6,107,54,49,0,0,7.65,674.08,6,100.0,2,0,0,1,85.58,28,5,17,1050,,,,,,,,,,,,,,,,,,,,
8473986,singleSeason,20202021,,,,1002.72,18,15,37,121,56,59,5,9,172.07,729.33,37,33.33,1,1,0,1,101.32,12,-1,33,1221,,,,,,,,,,,,,,,,,,,,
8476934,singleSeason,20202021,,,,554.47,5,8,6,58,37,44,0,0,2.27,472.43,6,21.42,1,0,1,1,79.77,12,0,13,762,,,,,,,,,,,,,,,,,,,,
8482142,singleSeason,20202021,,,,469.98,5,3,6,28,24,7,0,1,45.83,404.45,6,0.0,0,0,0,0,19.7,23,-12,8,586,,,,,,,,,,,,,,,,,,,,
8474641,singleSeason,20202021,,,,721.8,9,12,11,77,45,40,1,2,80.32,600.93,11,55.39,2,2,0,1,40.55,32,-8,21,981,,,,,,,,,,,,,,,,,,,,
8475164,singleSeason,20202021,,,,796.38,8,8,18,91,47,19,2,3,85.42,617.25,18,40.9,0,0,1,1,93.72,26,-17,16,1131,,,,,,,,,,,,,,,,,,,,
8475462,singleSeason,20202021,,,,948.75,9,2,40,84,54,250,0,0,2.77,839.7,40,0.0,1,0,0,0,106.28,72,6,11,1283,,,,,,,,,,,,,,,,,,,,
8475764,singleSeason,20202021,,,,1218.58,18,5,18,75,56,27,0,4,100.28,1009.47,18,0.0,1,0,0,0,108.83,36,-4,23,1528,,,,,,,,,,,,,,,,,,,,
8475842,singleSeason,20202021,,,,167.98,4,2,28,23,13,29,0,1,9.28,156.8,28,52.38,0,0,0,0,1.9,3,4,6,240,,,,,,,,,,,,,,,,,,,,
8476434,singleSeason,20202021,,,,2030.5,,,,,35,,,,,,,,,,,,,,,,,7,3,,9,19,941,125,16,800,19,877,146,,0.903,35,1042,101,85.61643835616438,91.22006841505132,
8476458,singleSeason,20202021,,,,1023.22,35,14,39,128,56,22,3,18,181.12,790.4,39,43.2,1,0,0,2,51.7,18,6,49,1266,,,,,,,,,,,,,,,,,,,,
8477462,singleSeason,20202021,,,,532.65,3,2,18,29,34,100,0,0,1.27,474.03,18,0.0,0,0,0,0,57.35,31,-3,5,756,,,,,,,,,,,,,,,,,,,,
8477527,singleSeason,20202021,,,,104.85,1,0,35,5,12,43,0,0,0.0,104.8,35,25.0,0,0,0,0,0.05,6,-3,1,146,,,,,,,,,,,,,,,,,,,,
8478366,singleSeason,20202021,,,,812.92,8,18,26,158,56,69,2,4,87.68,718.6,26,20.0,7,3,0,0,6.63,21,8,26,1045,,,,,,,,,,,,,,,,,,,,
8478873,singleSeason,20202021,,,,705.55,13,7,18,69,48,5,0,0,85.38,617.68,18,50.0,0,0,0,0,2.48,13,-1,20,957,,,,,,,,,,,,,,,,,,,,
8479368,singleSeason,20202021,,,,651.75,4,7,36,77,46,100,2,3,39.17,577.77,36,50.0,1,0,0,0,34.82,11,-9,11,931,,,,,,,,,,,,,,,,,,,,
8480001,singleSeason,20202021,,,,170.25,2,0,2,15,9,3,0,0,0.67,152.22,2,0.0,0,0,0,0,17.37,19,-3,2,216,,,,,,,,,,,,,,,,,,,,
8480950,singleSeason,20202021,,,,659.05,1,1,10,36,42,103,0,0,0.77,654.37,10,0.0,0,0,0,0,3.92,72,-13,2,897,,,,,,,,,,,,,,,,,,,,
8481533,singleSeason,20202021,,,,369.53,10,3,12,53,24,7,0,0,51.8,317.32,12,43.75,0,0,0,0,0.42,4,6,13,465,,,,,,,,,,,,,,,,,,,,
8470600,singleSeason,20202021,,,,1242.28,16,3,12,86,56,38,1,6,132.32,998.25,12,0.0,0,0,0,0,111.72,65,9,19,1351,,,,,,,,,,,,,,,,,,,,
8470794,singleSeason,20202021,,,,1065.23,26,25,16,139,56,64,13,21,173.68,853.13,16,52.01,4,0,0,0,38.42,39,22,51,1395,,,,,,,,,,,,,,,,,,,,
8473994,singleSeason,20202021,,,,924.75,24,11,33,124,52,73,3,9,134.42,764.25,33,56.06,2,2,0,0,26.08,27,13,35,1255,,,,,,,,,,,,,,,,,,,,
8474149,singleSeason,20202021,,,,856.83,7,13,4,89,55,38,0,1,161.5,694.83,4,0.0,3,1,0,0,0.5,26,-9,20,1099,,,,,,,,,,,,,,,,,,,,
8475168,singleSeason,20202021,,,,538.3,7,6,6,73,34,30,1,3,79.73,457.62,6,53.82,0,0,0,0,0.95,10,-12,13,652,,,,,,,,,,,,,,,,,,,,
8475225,singleSeason,20202021,,,,803.25,19,13,18,132,54,66,4,6,82.38,720.35,18,43.47,4,1,0,0,0.52,8,21,32,1042,,,,,,,,,,,,,,,,,,,,
8475794,singleSeason,20202021,,,,51.22,0,2,0,8,3,8,0,0,3.47,45.6,0,54.28,0,0,0,0,2.15,1,0,2,70,,,,,,,,,,,,,,,,,,,,
8475809,singleSeason,20202021,,,,888.03,,,,,16,,,,,,,,,,,,,,,,,3,2,,3,8,412,52,7,353,8,388,62,,0.9,15,458,46,83.87096774193549,90.97938144329896,
8475825,singleSeason,20202021,,,,1027.2,2,2,35,54,57,215,0,0,1.43,911.53,35,0.0,1,0,0,1,114.23,83,4,4,1321,,,,,,,,,,,,,,,,,,,,
8476889,singleSeason,20202021,,,,958.68,8,6,30,94,55,100,1,2,85.68,762.58,30,55.78,0,0,1,1,110.42,45,-15,14,1376,,,,,,,,,,,,,,,,,,,,
8476902,singleSeason,20202021,,,,1298.12,11,5,19,100,56,114,0,2,63.92,1066.4,19,0.0,0,0,1,1,167.8,104,11,16,1562,,,,,,,,,,,,,,,,,,,,
8477810,singleSeason,20202021,,,,455.62,8,0,2,27,35,40,0,0,0.33,440.53,2,0.0,0,0,0,0,14.75,30,6,8,650,,,,,,,,,,,,,,,,,,,,
8478449,singleSeason,20202021,,,,747.52,28,15,4,92,41,52,6,18,116.25,581.27,4,49.25,1,0,0,0,50.0,15,13,43,1008,,,,,,,,,,,,,,,,,,,,
8478975,singleSeason,20202021,,,,466.48,8,2,18,50,33,73,0,0,28.75,436.15,18,38.23,0,0,0,0,1.58,8,4,10,611,,,,,,,,,,,,,,,,,,,,
8479351,singleSeason,20202021,,,,610.18,6,6,8,42,42,41,0,0,52.58,540.88,8,52.78,0,0,0,0,16.72,19,-7,12,813,,,,,,,,,,,,,,,,,,,,
8479979,singleSeason,20202021,,,,1604.13,,,,,29,,,,,,,,,,,,,,,,,7,1,,11,8,647,71,18,558,19,609,82,,0.911,24,710,63,86.58536585365853,91.62561576354679,
8480027,singleSeason,20202021,,,,861.22,28,17,16,127,51,28,1,6,112.73,748.48,16,71.42,3,1,0,0,0.0,13,13,45,1074,,,,,,,,,,,,,,,,,,,,
8480036,singleSeason,20202021,,,,1373.22,19,8,12,121,55,47,3,11,150.82,1134.95,12,0.0,1,0,0,0,87.45,52,-9,27,1565,,,,,,,,,,,,,,,,,,,,
8480848,singleSeason,20202021,,,,324.63,2,3,23,31,26,47,2,3,36.32,277.13,23,45.0,0,0,0,0,11.18,10,0,5,483,,,,,,,,,,,,,,,,,,,,
8478042,singleSeason,20202021,,,,830.23,15,10,21,151,50,15,2,3,108.05,720.7,21,33.33,2,0,0,0,1.48,33,9,25,993,,,,,,,,,,,,,,,,,,,,
8471685,singleSeason,20202021,,,,1186.23,37,13,10,118,56,45,3,23,182.53,887.82,10,57.27,4,0,0,0,115.88,37,-7,50,1390,,,,,,,,,,,,,,,,,,,,
8473453,singleSeason,20202021,,,,552.2,5,5,2,68,56,71,0,0,0.7,451.92,2,57.89,1,0,2,2,99.58,22,7,10,791,,,,,,,,,,,,,,,,,,,,
8474563,singleSeason,20202021,,,,1477.33,26,8,26,101,56,91,6,18,186.2,1173.92,26,0.0,0,0,0,1,117.22,83,-14,34,1523,,,,,,,,,,,,,,,,,,,,
8475660,singleSeason,20202021,,,,1961.45,,,,,33,,,,,,,,,,,,,,,,,5,2,,19,8,922,128,23,771,25,839,144,,0.915,33,1008,86,88.88888888888889,91.89511323003575,
8476479,singleSeason,20202021,,,,894.08,19,5,24,73,53,76,0,0,17.18,755.53,24,52.48,0,0,0,1,121.37,28,9,24,1259,,,,,,,,,,,,,,,,,,,,
8477942,singleSeason,20202021,,,,844.98,20,20,43,162,50,27,6,14,154.95,673.47,43,33.33,5,1,0,0,16.57,13,-2,40,932,,,,,,,,,,,,,,,,,,,,
8477960,singleSeason,20202021,,,,948.22,15,14,28,127,56,47,4,14,164.8,709.83,28,39.7,2,1,1,1,73.58,21,-18,29,1252,,,,,,,,,,,,,,,,,,,,
8478882,singleSeason,20202021,,,,1067.07,10,2,14,48,55,69,0,0,2.0,958.15,14,0.0,1,0,0,0,106.92,77,-13,12,1355,,,,,,,,,,,,,,,,,,,,
8478911,singleSeason,20202021,,,,847.18,8,2,8,57,44,61,0,1,18.88,743.7,8,0.0,0,0,0,1,84.6,67,0,10,1020,,,,,,,,,,,,,,,,,,,,
8479336,singleSeason,20202021,,,,586.32,5,6,16,66,47,104,0,2,43.23,542.62,16,42.85,3,0,0,0,0.47,23,-10,11,786,,,,,,,,,,,,,,,,,,,,
8479400,singleSeason,20202021,,,,691.48,12,9,38,76,46,59,1,6,71.18,619.9,38,43.45,3,2,0,0,0.4,26,-8,21,899,,,,,,,,,,,,,,,,,,,,
8479675,singleSeason,20202021,,,,814.15,13,10,18,88,56,38,1,2,40.18,697.08,18,33.33,0,0,2,2,76.88,10,-5,23,1094,,,,,,,,,,,,,,,,,,,,
8479994,singleSeason,20202021,,,,459.33,4,7,6,37,34,52,1,1,34.15,392.38,6,43.7,2,0,0,0,32.8,20,-9,11,628,,,,,,,,,,,,,,,,,,,,
8479998,singleSeason,20202021,,,,1143.52,10,1,30,52,54,66,0,0,4.52,1030.37,30,0.0,1,0,0,2,108.63,74,0,11,1274,,,,,,,,,,,,,,,,,,,,
8481481,singleSeason,20202021,,,,520.95,7,3,16,42,41,32,0,0,12.65,455.1,16,50.84,0,0,0,0,53.2,21,2,10,772,,,,,,,,,,,,,,,,,,,,
8481560,singleSeason,20202021,,,,14.7,0,1,0,1,1,0,0,0,0.9,13.8,0,0.0,0,0,0,0,0.0,1,-1,1,18,,,,,,,,,,,,,,,,,,,,
8481600,singleSeason,20202021,,,,555.82,5,1,14,30,33,28,0,0,3.27,511.23,14,0.0,0,0,0,0,41.32,34,-3,6,684,,,,,,,,,,,,,,,,,,,,
8482124,singleSeason,20202021,,,,90.05,1,0,2,9,6,3,0,0,8.22,80.52,2,39.39,0,0,0,0,1.32,3,1,1,113,,,,,,,,,,,,,,,,,,,,
8476988,singleSeason,20202021,,,,865.4,3,1,30,43,53,55,0,0,1.12,757.1,30,0.0,0,0,0,1,107.18,53,-1,4,1181,,,,,,,,,,,,,,,,,,,,
8482222,singleSeason,20202021,,,,270.87,5,3,6,23,22,7,1,1,29.47,241.4,6,0.0,1,0,0,0,0.0,14,1,8,329,,,,,,,,,,,,,,,,,,,,
8471709,singleSeason,20202021,,,,893.08,5,1,8,37,51,40,0,0,5.68,770.88,8,0.0,0,0,0,0,116.52,64,-8,6,1167,,,,,,,,,,,,,,,,,,,,
8474884,singleSeason,20202021,,,,783.33,19,17,10,113,52,29,7,17,101.27,680.85,10,66.66,3,2,0,0,1.22,12,2,36,917,,,,,,,,,,,,,,,,,,,,
8475798,singleSeason,20202021,,,,992.38,14,13,14,74,51,46,5,7,131.08,748.95,14,51.81,1,0,0,0,112.35,42,-1,27,1215,,,,,,,,,,,,,,,,,,,,
8476881,singleSeason,20202021,,,,956.78,24,19,27,112,50,39,4,10,131.8,740.18,27,55.22,2,0,1,1,84.8,39,1,43,1195,,,,,,,,,,,,,,,,,,,,
8477335,singleSeason,20202021,,,,50.4,1,0,5,3,5,10,0,0,0.0,47.67,5,0.0,0,0,0,0,2.73,2,1,1,73,,,,,,,,,,,,,,,,,,,,
8477407,singleSeason,20202021,,,,674.43,22,10,18,104,43,32,1,2,57.03,592.52,18,0.0,1,0,0,1,24.88,9,27,32,900,,,,,,,,,,,,,,,,,,,,
8477846,singleSeason,20202021,,,,507.65,1,4,19,51,40,78,1,1,39.12,380.1,19,48.41,0,0,1,1,88.43,17,-10,5,689,,,,,,,,,,,,,,,,,,,,
8478039,singleSeason,20202021,,,,1414.47,,,,,24,,,,,,,,,,,,,,,,,0,2,,16,8,624,88,21,515,22,567,103,,0.902,23,692,68,85.43689320388349,90.8289241622575,
8478099,singleSeason,20202021,,,,903.25,16,12,31,128,55,61,0,3,119.62,782.75,31,0.0,2,0,0,0,0.88,15,-9,28,1097,,,,,,,,,,,,,,,,,,,,
8478406,singleSeason,20202021,,,,2090.62,,,,,35,,,,,,,,,,,,,,,,,4,1,,14,17,975,113,26,836,29,915,137,,0.902,35,1081,106,82.48175182481752,91.36612021857924,
8479316,singleSeason,20202021,,,,531.67,9,10,13,71,38,84,0,0,24.62,492.83,13,33.33,2,0,0,0,14.22,20,3,19,703,,,,,,,,,,,,,,,,,,,,
8479379,singleSeason,20202021,,,,169.42,3,1,21,20,16,28,0,0,11.23,157.8,21,0.0,1,0,0,0,0.38,4,-5,4,232,,,,,,,,,,,,,,,,,,,,
8479439,singleSeason,20202021,,,,493.37,8,1,8,49,33,38,0,0,0.57,464.63,8,0.0,0,0,0,0,28.17,31,14,9,691,,,,,,,,,,,,,,,,,,,,
8479983,singleSeason,20202021,,,,1255.83,16,1,22,58,56,155,0,4,58.45,1037.53,22,0.0,0,0,0,0,159.85,96,-6,17,1529,,,,,,,,,,,,,,,,,,,,
8480172,singleSeason,20202021,,,,561.13,8,0,22,46,35,30,0,0,1.92,508.35,22,0.0,0,0,0,2,50.87,32,12,8,736,,,,,,,,,,,,,,,,,,,,
8480821,singleSeason,20202021,,,,823.48,13,6,0,97,49,22,3,6,105.17,717.73,0,33.33,1,0,0,0,0.58,22,-4,19,960,,,,,,,,,,,,,,,,,,,,
8481477,singleSeason,20202021,,,,542.28,6,11,17,64,50,48,0,0,1.78,478.97,17,51.49,2,0,0,0,61.53,26,10,17,743,,,,,,,,,,,,,,,,,,,,
8481812,singleSeason,20202021,,,,937.48,8,2,39,51,56,84,0,0,2.42,886.13,39,0.0,1,0,0,0,48.93,54,-9,10,1236,,,,,,,,,,,,,,,,,,,,
8479339,singleSeason,20202021,,,,802.68,12,12,25,82,46,36,4,7,99.13,702.67,25,24.0,1,1,0,0,0.88,15,-28,24,945,,,,,,,,,,,,,,,,,,,,
8475790,singleSeason,20202021,,,,805.88,3,1,59,58,45,111,0,0,3.37,698.05,59,0.0,1,0,0,0,104.47,64,-12,4,1047,,,,,,,,,,,,,,,,,,,,
8476346,singleSeason,20202021,,,,1031.17,30,19,6,112,56,8,7,19,191.28,837.03,6,0.0,5,2,0,0,2.85,9,2,49,1225,,,,,,,,,,,,,,,,,,,,
8476374,singleSeason,20202021,,,,661.38,5,4,20,88,47,99,0,0,2.07,570.63,20,57.39,2,0,0,1,88.68,21,-10,9,875,,,,,,,,,,,,,,,,,,,,
8476432,singleSeason,20202021,,,,737.97,9,8,6,79,41,76,1,1,58.3,599.48,6,55.12,0,0,1,1,80.18,53,-9,17,921,,,,,,,,,,,,,,,,,,,,
8476923,singleSeason,20202021,,,,1259.13,18,3,29,91,56,57,0,4,103.03,1041.63,29,0.0,0,0,0,1,114.47,50,-8,21,1455,,,,,,,,,,,,,,,,,,,,
8478007,singleSeason,20202021,,,,1496.82,,,,,28,,,,,,,,,,,,,,,,,5,2,,8,12,756,65,13,678,13,739,73,,0.916,23,825,69,89.04109589041096,91.74560216508796,
8478458,singleSeason,20202021,,,,811.32,22,12,14,85,48,34,4,10,88.85,720.55,14,39.12,1,0,0,0,1.92,22,-11,34,991,,,,,,,,,,,,,,,,,,,,
8478460,singleSeason,20202021,,,,852.57,13,7,13,79,35,21,0,5,76.05,711.23,13,0.0,1,1,0,0,65.28,39,-9,20,987,,,,,,,,,,,,,,,,,,,,
8478500,singleSeason,20202021,,,,1399.92,19,7,28,126,56,56,0,10,133.85,1105.27,28,0.0,2,1,0,0,160.8,106,4,26,1709,,,,,,,,,,,,,,,,,,,,
8479369,singleSeason,20202021,,,,188.68,3,0,4,5,11,35,0,0,0.33,184.83,4,0.0,0,0,0,0,3.52,15,-4,3,241,,,,,,,,,,,,,,,,,,,,
8479402,singleSeason,20202021,,,,610.58,11,1,10,55,42,17,1,5,38.53,560.03,10,0.0,0,0,0,0,12.02,21,-2,12,746,,,,,,,,,,,,,,,,,,,,
8479671,singleSeason,20202021,,,,327.62,2,3,70,25,30,62,1,1,2.28,312.98,70,50.0,0,0,0,0,12.35,19,-1,5,442,,,,,,,,,,,,,,,,,,,,
8480074,singleSeason,20202021,,,,776.13,11,4,22,75,49,49,0,0,46.82,675.75,22,35.95,0,0,0,0,53.57,19,-13,15,964,,,,,,,,,,,,,,,,,,,,
8480205,singleSeason,20202021,,,,257.12,2,3,0,28,20,15,1,1,18.47,238.53,0,0.0,0,0,0,0,0.12,8,2,5,323,,,,,,,,,,,,,,,,,,,,
8480871,singleSeason,20202021,,,,594.65,14,2,14,39,35,29,1,8,118.28,474.17,14,0.0,0,0,0,0,2.2,29,-7,16,689,,,,,,,,,,,,,,,,,,,,
8471274,singleSeason,20202021,,,,1288.37,19,3,14,72,56,76,0,7,55.0,1068.85,14,0.0,0,0,0,0,164.52,108,2,22,1474,,,,,,,,,,,,,,,,,,,,
8474716,singleSeason,20202021,,,,1192.77,18,7,6,94,54,52,3,9,152.87,932.6,6,0.0,0,0,0,0,107.3,102,-2,25,1308,,,,,,,,,,,,,,,,,,,,
8470594,singleSeason,20202021,,,,2146.6,,,,,36,,,,,,,,,,,,,,,,,0,6,,26,10,918,101,23,794,23,854,112,,0.928,36,989,71,90.17857142857143,92.97423887587823,
8474034,singleSeason,20202021,,,,637.6,14,4,60,46,55,75,2,4,87.87,549.73,60,16.66,0,0,0,0,0.0,6,2,18,838,,,,,,,,,,,,,,,,,,,,
8475149,singleSeason,20202021,,,,573.7,8,6,4,46,36,12,2,6,65.1,463.08,4,37.64,3,1,0,0,45.52,12,-10,14,698,,,,,,,,,,,,,,,,,,,,
8475220,singleSeason,20202021,,,,583.53,15,11,49,40,39,109,0,0,9.95,516.72,49,18.18,2,0,1,1,56.87,17,19,26,727,,,,,,,,,,,,,,,,,,,,
8475692,singleSeason,20202021,,,,700.63,24,11,8,74,42,12,3,6,98.65,601.73,8,34.37,0,0,0,0,0.25,19,9,35,765,,,,,,,,,,,,,,,,,,,,
8475750,singleSeason,20202021,,,,894.57,5,0,16,41,49,34,0,0,18.28,815.42,16,0.0,0,0,0,0,60.87,70,-9,5,1064,,,,,,,,,,,,,,,,,,,,
8476463,singleSeason,20202021,,,,1189.02,14,9,18,79,53,35,1,2,45.02,1030.83,18,0.0,2,1,0,0,113.17,99,2,23,1278,,,,,,,,,,,,,,,,,,,,
8477451,singleSeason,20202021,,,,768.63,15,7,33,74,51,55,0,3,58.4,641.78,33,41.5,2,0,1,2,68.45,33,0,22,910,,,,,,,,,,,,,,,,,,,,
8477541,singleSeason,20202021,,,,49.2,0,0,0,2,3,10,0,0,0.55,47.75,0,0.0,0,0,0,0,0.9,4,0,0,59,,,,,,,,,,,,,,,,,,,,
8477919,singleSeason,20202021,,,,248.22,8,2,2,20,19,9,0,0,2.82,212.13,2,53.7,0,0,0,1,33.27,9,10,10,375,,,,,,,,,,,,,,,,,,,,
8478136,singleSeason,20202021,,,,8.73,0,0,2,1,1,2,0,0,0.0,8.57,2,0.0,0,0,0,0,0.17,1,-2,0,16,,,,,,,,,,,,,,,,,,,,
8478493,singleSeason,20202021,,,,955.25,11,19,20,119,56,105,0,2,66.72,795.53,20,47.08,2,0,0,0,93.0,37,16,30,1164,,,,,,,,,,,,,,,,,,,,
8478864,singleSeason,20202021,,,,1006.37,24,27,16,157,55,29,8,13,178.18,826.78,16,12.5,3,2,0,0,1.4,18,10,51,1052,,,,,,,,,,,,,,,,,,,,
8479406,singleSeason,20202021,,,,471.57,,,,,9,,,,,,,,,,,,,,,,,2,0,,5,1,237,26,11,200,12,213,29,,0.933,7,254,17,89.65517241379311,93.89671361502347,
8479968,singleSeason,20202021,,,,63.6,0,0,0,7,5,9,0,0,9.3,54.3,0,40.0,0,0,0,0,0.0,1,-3,0,76,,,,,,,,,,,,,,,,,,,,
8480884,singleSeason,20202021,,,,55.55,0,0,0,4,3,2,0,0,8.23,47.32,0,0.0,0,0,0,0,0.0,1,0,0,62,,,,,,,,,,,,,,,,,,,,
8480014,singleSeason,20202021,,,,796.58,13,10,6,65,54,18,3,4,104.05,680.9,6,45.89,3,0,0,0,11.63,19,-8,23,1083,,,,,,,,,,,,,,,,,,,,
8475455,singleSeason,20202021,,,,1060.83,17,2,49,51,56,143,0,1,2.03,958.48,49,0.0,0,0,0,1,100.32,61,15,19,1326,,,,,,,,,,,,,,,,,,,,
8475799,singleSeason,20202021,,,,880.18,14,20,29,126,56,68,4,5,85.25,794.02,29,14.28,4,0,0,0,0.92,17,20,34,1089,,,,,,,,,,,,,,,,,,,,
8476316,singleSeason,20202021,,,,744.12,,,,,14,,,,,,,,,,,,,,,,,0,1,,6,6,338,53,10,275,12,298,58,,0.918,11,368,30,91.37931034482759,92.28187919463086,
8476331,singleSeason,20202021,,,,882.48,9,0,20,44,52,76,0,0,1.0,746.48,20,0.0,0,0,0,1,135.0,58,10,9,1113,,,,,,,,,,,,,,,,,,,,
8476392,singleSeason,20202021,,,,807.35,14,10,13,80,52,161,0,2,40.23,637.67,13,50.49,3,0,1,1,129.45,30,6,24,1118,,,,,,,,,,,,,,,,,,,,
8476460,singleSeason,20202021,,,,1173.9,42,21,12,126,56,31,4,17,181.47,988.7,12,49.78,4,0,0,0,3.73,38,-4,63,1233,,,,,,,,,,,,,,,,,,,,
8476480,singleSeason,20202021,,,,857.65,9,8,24,87,53,71,0,0,44.95,722.9,24,39.13,0,0,0,0,89.8,35,-5,17,1097,,,,,,,,,,,,,,,,,,,,
8476945,singleSeason,20202021,,,,2602.82,,,,,45,,,,,,,,,,,,,,,,,3,4,,24,17,1223,169,44,1010,45,1098,192,,0.916,45,1335,112,88.02083333333334,91.98542805100182,
8476952,singleSeason,20202021,,,,25.32,1,0,0,2,2,4,0,0,0.0,24.55,0,0.0,0,0,0,0,0.77,1,0,1,30,,,,,,,,,,,,,,,,,,,,
8477220,singleSeason,20202021,,,,1085.55,10,5,4,76,54,15,0,0,57.25,934.15,4,0.0,1,0,0,1,94.15,72,-7,15,1311,,,,,,,,,,,,,,,,,,,,
8477504,singleSeason,20202021,,,,1318.72,17,4,25,116,56,78,1,9,159.2,1094.78,25,0.0,0,0,0,0,64.73,86,-1,21,1510,,,,,,,,,,,,,,,,,,,,
8477940,singleSeason,20202021,,,,795.23,25,21,15,148,47,26,6,13,78.73,715.9,15,100.0,5,2,0,0,0.6,12,15,46,966,,,,,,,,,,,,,,,,,,,,
8478398,singleSeason,20202021,,,,1049.35,24,26,12,166,56,18,10,13,169.17,873.78,12,60.0,5,0,0,0,6.4,18,-4,50,1169,,,,,,,,,,,,,,,,,,,,
8478891,singleSeason,20202021,,,,807.08,13,12,14,88,56,61,0,0,28.72,726.18,14,53.84,1,0,0,1,52.18,22,11,25,1060,,,,,,,,,,,,,,,,,,,,
8479378,singleSeason,20202021,,,,489.23,3,1,26,63,37,49,0,0,0.1,479.57,26,0.0,0,0,0,0,9.57,31,13,4,650,,,,,,,,,,,,,,,,,,,,
8480113,singleSeason,20202021,,,,1093.8,17,13,4,118,55,26,4,8,159.1,827.32,4,28.57,2,0,0,0,107.38,39,-8,30,1339,,,,,,,,,,,,,,,,,,,,
8480145,singleSeason,20202021,,,,1186.52,29,3,20,100,54,137,1,10,112.65,1032.32,20,0.0,0,0,0,0,41.55,74,6,32,1465,,,,,,,,,,,,,,,,,,,,
8480289,singleSeason,20202021,,,,68.45,0,1,2,3,5,12,0,0,0.73,59.73,2,50.0,0,0,0,0,7.98,2,-1,1,92,,,,,,,,,,,,,,,,,,,,
8480845,singleSeason,20202021,,,,80.3,0,1,2,8,7,7,0,0,5.65,74.48,2,53.84,0,0,0,0,0.17,3,-5,1,109,,,,,,,,,,,,,,,,,,,,
8481019,singleSeason,20202021,,,,23.27,0,0,0,1,4,0,0,0,0.13,23.13,0,52.38,0,0,0,0,0.0,0,-1,0,36,,,,,,,,,,,,,,,,,,,,
8475722,singleSeason,20202021,,,,596.13,9,9,21,67,38,69,1,4,50.15,544.83,21,30.0,1,0,0,0,1.15,15,-8,18,811,,,,,,,,,,,,,,,,,,,,
8475760,singleSeason,20202021,,,,519.67,11,6,17,78,44,48,0,1,42.97,474.58,17,46.29,3,0,0,0,2.12,22,7,17,649,,,,,,,,,,,,,,,,,,,,
8476329,singleSeason,20202021,,,,418.37,5,5,2,23,39,18,1,1,38.17,378.43,2,46.87,0,0,0,0,1.77,15,-5,10,614,,,,,,,,,,,,,,,,,,,,
8476856,singleSeason,20202021,,,,1136.27,15,6,46,89,51,74,1,5,101.27,939.85,46,0.0,1,1,0,0,95.15,75,1,21,1184,,,,,,,,,,,,,,,,,,,,
8477021,singleSeason,20202021,,,,808.88,15,8,12,68,56,41,0,2,33.43,690.48,12,40.78,1,0,1,1,84.97,34,2,23,1117,,,,,,,,,,,,,,,,,,,,
8477070,singleSeason,20202021,,,,78.83,3,0,40,6,12,28,0,0,0.0,78.45,40,0.0,0,0,0,0,0.38,2,1,3,117,,,,,,,,,,,,,,,,,,,,
8477384,singleSeason,20202021,,,,367.67,1,0,30,8,26,71,0,0,0.65,311.95,30,0.0,0,0,0,0,55.07,40,-1,1,500,,,,,,,,,,,,,,,,,,,,
8477482,singleSeason,20202021,,,,774.3,6,10,25,67,52,69,3,3,49.0,643.13,25,41.17,3,0,1,2,82.17,44,-13,16,1018,,,,,,,,,,,,,,,,,,,,
8477951,singleSeason,20202021,,,,886.98,22,10,16,105,52,15,3,7,143.0,743.08,16,42.83,1,0,0,0,0.9,25,-1,32,1155,,,,,,,,,,,,,,,,,,,,
8478408,singleSeason,20202021,,,,674.43,4,2,19,36,51,44,0,0,0.7,651.72,19,0.0,0,0,0,0,22.02,35,-1,6,944,,,,,,,,,,,,,,,,,,,,
8478474,singleSeason,20202021,,,,729.15,9,4,46,70,51,155,0,2,14.03,613.1,46,46.51,0,0,0,0,102.02,30,-10,13,1058,,,,,,,,,,,,,,,,,,,,
8479343,singleSeason,20202021,,,,932.87,21,14,18,124,56,20,4,10,153.6,778.2,18,46.34,3,0,0,0,1.07,14,-5,35,1202,,,,,,,,,,,,,,,,,,,,
8479442,singleSeason,20202021,,,,761.9,8,3,12,55,44,33,0,0,12.03,732.37,12,0.0,0,0,0,0,17.5,46,-13,11,954,,,,,,,,,,,,,,,,,,,,
8479976,singleSeason,20202021,,,,756.15,9,2,26,72,49,28,0,0,11.48,682.5,26,0.0,0,0,0,0,62.17,60,-2,11,1057,,,,,,,,,,,,,,,,,,,,
8480849,singleSeason,20202021,,,,160.85,1,2,0,10,14,15,0,0,31.52,129.33,0,50.0,0,0,0,0,0.0,3,-1,3,224,,,,,,,,,,,,,,,,,,,,
8478462,singleSeason,20202021,,,,650.87,9,6,14,52,50,50,0,0,18.4,591.23,14,44.79,1,0,0,0,41.23,23,9,15,863,,,,,,,,,,,,,,,,,,,,
8480727,singleSeason,20202021,,,,908.68,10,2,24,54,51,85,0,0,2.4,807.92,24,0.0,1,0,0,0,98.37,75,9,12,1115,,,,,,,,,,,,,,,,,,,,
8474166,singleSeason,20202021,,,,1195.98,23,9,12,85,53,44,3,9,76.27,988.6,12,0.0,2,0,0,0,131.12,168,26,32,1356,,,,,,,,,,,,,,,,,,,,
8474565,singleSeason,20202021,,,,1001.73,16,7,16,126,41,28,0,4,108.3,801.88,16,0.0,2,1,0,1,91.55,80,20,23,1095,,,,,,,,,,,,,,,,,,,,
8475188,singleSeason,20202021,,,,791.25,6,2,16,39,41,98,0,0,0.82,683.8,16,0.0,0,0,0,0,106.63,76,10,8,949,,,,,,,,,,,,,,,,,,,,
8475913,singleSeason,20202021,,,,1048.35,40,21,28,98,55,31,6,17,163.7,810.45,28,40.0,8,0,1,1,74.2,33,26,61,1222,,,,,,,,,,,,,,,,,,,,
8476448,singleSeason,20202021,,,,1045.43,25,14,4,111,56,29,1,8,152.38,793.57,4,54.01,4,1,0,1,99.48,29,19,39,1270,,,,,,,,,,,,,,,,,,,,
8476539,singleSeason,20202021,,,,958.3,26,18,39,176,55,44,3,6,140.52,817.35,39,46.59,4,2,0,0,0.43,14,19,44,1116,,,,,,,,,,,,,,,,,,,,
8476905,singleSeason,20202021,,,,922.93,21,14,29,83,51,43,2,5,106.87,746.28,29,50.4,5,0,1,2,69.78,35,22,35,1121,,,,,,,,,,,,,,,,,,,,
8477018,singleSeason,20202021,,,,701.43,4,1,11,54,38,44,0,0,1.75,610.68,11,0.0,0,0,0,0,89.0,39,-13,5,909,,,,,,,,,,,,,,,,,,,,
8477447,singleSeason,20202021,,,,1194.95,34,8,14,161,53,22,0,15,162.57,1019.2,14,0.0,0,0,0,0,13.18,43,28,42,1344,,,,,,,,,,,,,,,,,,,,
8477478,singleSeason,20202021,,,,541.38,9,6,16,65,52,131,0,0,2.18,532.97,16,37.5,0,0,0,0,6.23,13,0,15,807,,,,,,,,,,,,,,,,,,,,
8477964,singleSeason,20202021,,,,507.42,7,5,6,43,38,49,1,1,4.42,428.18,6,43.38,1,0,0,0,74.82,15,5,12,676,,,,,,,,,,,,,,,,,,,,
8478020,singleSeason,20202021,,,,313.75,3,0,4,24,25,8,0,1,33.82,277.48,4,50.0,0,0,0,0,2.45,16,-3,3,419,,,,,,,,,,,,,,,,,,,,
8478403,singleSeason,20202021,,,,430.45,16,2,6,61,21,20,1,9,72.35,357.17,6,49.74,1,0,0,0,0.93,15,-9,18,479,,,,,,,,,,,,,,,,,,,,
8478434,singleSeason,20202021,,,,420.03,10,3,30,46,44,107,0,0,1.05,418.95,30,45.92,0,0,0,0,0.03,15,-4,13,588,,,,,,,,,,,,,,,,,,,,
8478499,singleSeason,20202021,,,,1005.9,,,,,19,,,,,,,,,,,,,,,,,1,2,,9,9,484,64,10,410,12,448,70,,0.913,17,530,46,91.42857142857143,91.51785714285714,
8479353,singleSeason,20202021,,,,527.5,6,1,11,33,42,57,0,0,9.5,432.88,11,46.64,0,0,0,1,85.12,35,-2,7,766,,,,,,,,,,,,,,,,,,,,
8479980,singleSeason,20202021,,,,831.75,12,5,31,78,52,94,0,0,17.35,766.52,31,0.0,0,0,0,0,47.88,65,14,17,1058,,,,,,,,,,,,,,,,,,,,
8480313,singleSeason,20202021,,,,8.25,,,,,1,,,,,,,,,,,,,,,,,0,0,,0,0,2,0,0,2,0,2,0,,1.0,0,2,0,,100.0,
8477444,singleSeason,20202021,,,,799.88,25,19,10,102,53,22,4,14,115.78,684.05,10,50.0,3,1,0,0,0.05,16,4,44,1020,,,,,,,,,,,,,,,,,,,,
8479293,singleSeason,20202021,,,,461.93,9,7,22,43,32,139,0,0,3.95,381.27,22,27.27,0,0,1,2,76.72,33,12,16,707,,,,,,,,,,,,,,,,,,,,
8474586,singleSeason,20202021,,,,921.7,17,16,16,128,55,30,1,5,126.1,795.37,16,42.85,2,0,0,0,0.23,18,9,33,1118,,,,,,,,,,,,,,,,,,,,
8474602,singleSeason,20202021,,,,874.73,24,3,10,67,46,28,0,8,76.12,795.2,10,0.0,1,0,0,0,3.42,49,12,27,1063,,,,,,,,,,,,,,,,,,,,
8475208,singleSeason,20202021,,,,916.53,10,4,12,50,41,63,0,0,5.55,798.18,12,0.0,0,0,0,1,112.8,55,18,14,1076,,,,,,,,,,,,,,,,,,,,
8475768,singleSeason,20202021,,,,708.13,13,8,20,71,40,40,1,3,82.93,597.02,20,53.84,1,0,0,0,28.18,26,2,21,875,,,,,,,,,,,,,,,,,,,,
8475831,singleSeason,20202021,,,,2366.87,,,,,40,,,,,,,,,,,,,,,,,1,7,,30,9,916,172,32,712,33,771,189,,0.922,39,993,77,91.005291005291,92.34760051880674,
8476457,singleSeason,20202021,,,,1100.25,6,4,24,52,56,166,0,0,1.43,969.97,24,100.0,0,0,0,0,128.85,128,2,10,1283,,,,,,,,,,,,,,,,,,,,
8476467,singleSeason,20202021,,,,1146.73,8,6,35,84,56,148,0,0,6.53,1055.75,35,0.0,2,0,0,0,84.45,88,-3,14,1486,,,,,,,,,,,,,,,,,,,,
8476826,singleSeason,20202021,,,,956.13,19,17,44,118,56,51,2,6,103.55,769.73,44,48.69,4,1,0,0,82.85,21,10,36,1194,,,,,,,,,,,,,,,,,,,,
8476913,singleSeason,20202021,,,,415.03,4,5,6,27,38,73,0,0,0.95,368.9,6,52.77,1,0,1,1,45.18,26,-4,9,569,,,,,,,,,,,,,,,,,,,,
8477416,singleSeason,20202021,,,,986.13,26,18,23,143,56,42,2,6,90.38,895.33,23,42.85,0,0,0,0,0.42,30,-15,44,1161,,,,,,,,,,,,,,,,,,,,
8477505,singleSeason,20202021,,,,1017.35,12,17,8,82,56,29,3,6,107.78,766.92,8,49.23,2,1,1,1,142.65,36,6,29,1290,,,,,,,,,,,,,,,,,,,,
8477930,singleSeason,20202021,,,,600.32,2,9,21,60,53,26,0,0,4.23,482.65,21,60.74,0,0,0,0,113.43,36,6,11,886,,,,,,,,,,,,,,,,,,,,
8477955,singleSeason,20202021,,,,606.9,18,14,8,93,43,40,7,10,85.4,519.95,8,43.41,3,0,0,0,1.55,17,17,32,854,,,,,,,,,,,,,,,,,,,,
8478407,singleSeason,20202021,,,,827.72,14,6,18,73,43,36,2,7,73.15,751.55,18,0.0,0,0,0,0,3.02,51,-8,20,1104,,,,,,,,,,,,,,,,,,,,
8478840,singleSeason,20202021,,,,162.63,0,0,4,7,10,30,0,0,0.2,148.02,4,0.0,0,0,0,0,14.42,14,-4,0,212,,,,,,,,,,,,,,,,,,,,
8478916,singleSeason,20202021,,,,403.37,,,,,8,,,,,,,,,,,,,,,,,1,0,,1,3,192,18,7,167,7,185,22,,0.897,6,214,22,81.81818181818183,90.27027027027027,
8479977,singleSeason,20202021,,,,850.63,13,8,26,69,52,52,1,2,32.4,780.0,26,0.0,0,0,0,1,38.23,40,9,21,956,,,,,,,,,,,,,,,,,,,,
8480009,singleSeason,20202021,,,,592.28,11,11,4,65,40,78,6,12,93.65,498.43,4,16.66,4,1,0,0,0.2,16,-10,22,731,,,,,,,,,,,,,,,,,,,,
